,OUR11536
,OUR11976
,OUR11992
,OUR12271
,OUR12724
,OUR12610-C
,OUR15618
,OUR15834
,OUR13047
,OUR13375
,OUR13447
,OUR13485
,OUR13522
,OUR13550
,OUR13560
,OUR13563
,OUR13602
,OUR13715
,OUR13750
,OUR13737
,OUR13755
,OUR13857
,OUR13967
,OUR14005
,OUR14019
,OUR14024
,OUR14116
,OUR14194
,OUR14439
,OUR14555
,OUR14637
,OUR14718
,OUR14749
,OUR14923
,OUR14938
,OUR14953
,OUR15662
,OUR15668
,OUR15862
,OUR15965-C
,OUR18095
,OUR18101
,OUR18100
,OUR21048
,OUR21126
,OUR21211
,OUR21269
,OUR21320
,OUR21394
,OUR21807
,OUR22272
,OUR22488
,OUR22503
,OUR22604
,OUR22708
,OUR22993
,OUR23072
,OUR23081
,OUR23124
,OUR23358
,OUR23374
,OUR23390
,OUR23454
,OUR23506
,OUR23591
,OUR23809
,OUR23815
,OUR13852
,OUR14845
,OUR15750
,OUR15998
,OUR16149
,OUR17051
,OUR17402
,OUR16811
,OUR16997
,OUR17087
,OUR17282
,OUR17445
,OUR17479
,OUR17724
,OUR17750
,OUR17776
,OUR17764
,OUR17851
,OUR17856
,OUR17868
,OUR18004
,OUR18069
,OUR18096
,OUR18089
,OUR18113
,OUR18197
,OUR18219
,OUR18263
,OUR18262-C
,OUR18427
,OUR18447
,OUR18682
,OUR18756
,OUR18844
,OUR18869
,OUR18262
,OUR18987
,OUR19280
,OUR19485
,OUR19634
,OUR16878
,OUR16824
,OUR16933
,OUR17015
,OUR17248
,OUR17368
,OUR17379
,OUR18234
,OUR19531
,OUR23311
,OUR25398
,OUR18305
,OUR18281
,OUR18341
,OUR18374
,OUR18421
,OUR18466
,OUR18509
,OUR18554
,OUR18536
,OUR18602
,OUR18644
,OUR18641
,OUR18640
,OUR18660
,OUR18647
,OUR18728
,OUR18857
,OUR18887
,OUR18870
,OUR18897
,OUR18894
,OUR18882
,OUR18862-C
,OUR18978
,OUR19013
,OUR19020
,OUR19019
,OUR19045
,OUR19088
,OUR19086
,OUR19121
,OUR19113
,OUR19297
,OUR19279
,OUR19369
,OUR19442
,OUR19535
,OUR19560
,OUR19611
,OUR19641
,OUR19679
,OUR19681
,OUR19800
,OUR19839
,OUR19868
,OUR19970
,OUR20008
,OUR20018
,OUR20208
,OUR20213
,OUR20317
,OUR20315
,OUR20312
,OUR20586
,OUR20642
,OUR20697
,OUR20707
,OUR20739
,OUR20753
,OUR20754
,OUR20761
,OUR20764
,OUR20807
,OUR20826
,OUR20872
,OUR20981
,OUR21005
,OUR21008
,OUR21133
,OUR21174
,OUR21214
,OUR21260
,OUR21242
,OUR21274
,OUR21265
,OUR21268
,OUR21322
,OUR21342
,OUR21374
,OUR21382
,OUR21398
,OUR21412
,OUR21477
,OUR21569
,OUR21568
,OUR21575
,OUR21632
,OUR21648
,OUR21643
,OUR21646
,OUR21656
,OUR21726
,OUR21713
,OUR21752
,OUR21795
,OUR21769
,OUR21777
,OUR21791
,OUR21894
,OUR21902
,OUR21897
,OUR21907
,OUR21957
,OUR21939
,OUR21967
,OUR21991
,OUR22008
,OUR22026
,OUR22045
,OUR22061
,OUR22114
,OUR22160
,OUR22187
,OUR22205
,OUR22232
,OUR22241
,OUR22237
,OUR22310
,OUR22304
,OUR22311
,OUR22324
,OUR22377
,OUR22408
,OUR22420
,OUR22477
,OUR22481
,OUR22581
,OUR22600
,OUR22619
,OUR22661
,OUR22684
,OUR22709-C
,OUR22723
,OUR22804
,OUR22882
,OUR22898
,OUR22945
,OUR22979
,OUR23013
,OUR23035
,OUR23050
,OUR23084
,OUR23111
,OUR23107
,OUR23140
,OUR23122
,OUR23178
,OUR23214
,OUR23230
,OUR23250
,OUR23255
,OUR23285
,OUR23300
,OUR23365
,OUR23366
,OUR23362
,OUR23463
,OUR23605
,OUR23680
,OUR23686
,OUR23652
,OUR23693
,OUR23772
,OUR23792
,OUR23830
,OUR23873
,OUR23913
,OUR23928
,OUR23935
,OUR23940
,OUR23955
,OUR23976
,OUR24027
,OUR24060
,OUR24079
,OUR24114
,OUR24123
,OUR24143
,OUR24152
,OUR24158
,OUR24160
,OUR24207
,OUR24242
,OUR24239
,OUR24288
,OUR24310
,OUR24354
,OUR24352
,OUR24369
,OUR24365
,OUR24373
,OUR24385
,OUR24389
,OUR24392
,OUR24436
,OUR24492
,OUR24495
,OUR24568
,OUR24586
,OUR24583
,OUR24595
,OUR24593
,OUR24610
,OUR24697
,OUR24687
,OUR24708
,OUR24725
,OUR24777
,OUR24825
,OUR24874
,OUR24866
,OUR24872
,OUR24893
,OUR24918
,OUR24910
,OUR24977
,OUR25032
,OUR25098
,OUR25113
,OUR25131
,OUR25143
,OUR25182
,OUR25183
,OUR25333
,OUR25350
,OUR25372
,OUR25395
,OUR25409
,OUR25471
,OUR25504
,OUR25541
,OUR25542
,OUR25655
,OUR25697
,OUR25777
,OUR25882
,OUR25851
,OUR25871
,OUR25853
,OUR25858
,OUR25889
,OUR25911
,OUR25926
,OUR25943
,OUR25950
,OUR25992
,OUR25986
,OUR26069
,OUR23848
,OUR23956
,OUR24238
,OUR24431
,OUR12268
,OUR12525
,OUR13022
,OUR13058
,OUR13055
,OUR13105
,OUR13146
,OUR13187-C
,OUR13198
,OUR13204
,OUR13242
,OUR13247
,OUR13586
,OUR13627
,OUR13641
,OUR13696
,OUR13694
,OUR13797
,OUR13894
,OUR14163-C
,OUR14170
,OUR14218
,OUR14211
,OUR14228
,OUR14243
,OUR14235
,OUR14272
,OUR14303
,OUR14326
,OUR14365
,OUR14357
,OUR14396
,OUR14421
,OUR14458
,OUR16206
,OUR14922
,OUR14942
,OUR15395
,OUR15446
,OUR15437
,OUR15459
,OUR15614
,OUR16329
,OUR13187
,OUR14163
,OUR17016
,OUR17224
,OUR17285
,OUR17326
,OUR17382
,OUR17421
,OUR17719
,OUR17787
,OUR17997
,OUR18001
,OUR18029
,OUR18070
,OUR18240
,OUR18348
,OUR18340
,OUR18407
,OUR18529
,OUR18557
,OUR18777
,OUR18812
,OUR18854
,OUR19099
,OUR19357
,OUR19571-C
,OUR19571
,OUR13131
,OUR14453
,OUR16691
,OUR15924
,OUR23595
,OUR24112
,OUR25604
,OUR11352
,OUR11379
,OUR13171
,OUR11401
,OUR11422
,OUR11475
,OUR11480
,OUR11530
,OUR11680
,OUR11696
,OUR11733-C
,OUR11733
,OUR11757
,OUR12006
,OUR12110
,OUR12200
,OUR12236
,OUR12376
,OUR12464
,OUR12500
,OUR12480
,OUR12502
,OUR12521
,OUR12554
,OUR12609
,OUR12706
,OUR12712
,OUR12731
,OUR12832
,OUR12953
,OUR13090
,OUR13153
,OUR13199
,OUR13218
,OUR13247
,OUR13276
,OUR13278
,OUR13326
,OUR13415
,OUR13511
,OUR13553
,OUR13635
,OUR13676
,OUR13691
,OUR13816
,OUR13804
,OUR13929
,OUR13984
,OUR14026
,OUR14075
,OUR14203
,OUR14266-C
,OUR14262
,OUR14442
,OUR14474
,OUR14266
,OUR14521
,OUR14556
,OUR14632
,OUR14721
,OUR14765
,OUR14792
,OUR14816
,OUR14817
,OUR14815
,OUR14850
,OUR14833
,OUR14840
,OUR14837
,OUR14869
,OUR14908
,OUR14899
,OUR14944
,OUR15358
,OUR15373
,OUR15395
,OUR15462
,OUR15481
,OUR15554
,OUR15567
,OUR15661
,OUR15809
,OUR15882
,OUR15880
,OUR16021
,OUR16023
,OUR16044
,OUR16051
,OUR16070
,OUR16113
,OUR16088
,OUR16122
,OUR16208
,OUR16397
,OUR16413
,OUR16494
,OUR16575
,OUR16592
,OUR16670
,OUR16761
,OUR16938
,OUR17038
,OUR17253
,OUR17285
,OUR17400
,OUR17432
,OUR17438
,OUR17470
,OUR17759
,OUR17894
,OUR17870
,OUR17962
,OUR18049
,OUR18073-C
,OUR18107
,OUR18283
,OUR18311
,OUR18333
,OUR18073
,OUR18601
,OUR18611
,OUR18619
,OUR18775
,OUR18811
,OUR18843
,OUR18842
,OUR18936
,OUR18821
,OUR19075
,OUR19093
,OUR19144
,OUR19161
,OUR19238
,OUR19277
,OUR19307
,OUR19322
,OUR19389
,OUR19409
,OUR19433
,OUR19443
,OUR19469
,OUR19474
,OUR19471
,OUR19501
,OUR19510
,OUR19513
,OUR19519
,OUR19534
,OUR19566
,OUR19589
,OUR19665
,OUR19757
,OUR19812
,OUR19850
,OUR19888
,OUR19965
,OUR19948
,OUR20192
,OUR20207
,OUR20307
,OUR20320
,OUR20360
,OUR20446
,OUR20578
,OUR20591
,OUR20762
,OUR20849
,OUR20876
,OUR20888
,OUR21027
,OUR21063
,OUR21078
,OUR21122
,OUR21242
,OUR21271
,OUR21297
,OUR21309
,OUR21375
,OUR21464
,OUR21468
,OUR21517
,OUR21597
,OUR23745
,OUR21671
,OUR21692
,OUR21816
,OUR21898
,OUR21937
,OUR21974
,OUR21988
,OUR21980
,OUR21995
,OUR21994
,OUR22042
,OUR22059
,OUR22214
,OUR22267
,OUR22299
,OUR22296
,OUR22313
,OUR22327
,OUR22382
,OUR22436
,OUR20907
,OUR22537
,OUR22541
,OUR22574
,OUR22584
,OUR22680-C
,OUR22680
,OUR22739
,OUR22727
,OUR22740
,OUR22724
,OUR22747
,OUR22752
,OUR22837
,OUR22890
,OUR22947
,OUR22959
,OUR23129
,OUR23209
,OUR23243
,OUR23240
,OUR23326
,OUR23392
,OUR23426
,OUR23448
,OUR23563
,OUR23620
,OUR23725
,OUR23734
,OUR23758
,OUR23760
,OUR23838
,OUR23854
,OUR23909
,OUR24020
,OUR24106
,OUR24162
,OUR24175
,OUR24181
,OUR24197
,OUR24357
,OUR24389
,OUR24424
,OUR24291
,OUR24642
,OUR24761
,OUR24814-C
,OUR24804
,OUR24869
,OUR24884
,OUR24814
,OUR24955
,OUR25007
,OUR25032
,OUR25052
,OUR25135
,OUR25138
,OUR25185
,OUR25123
,OUR25372
,OUR25430
,OUR25586
,OUR25606
,OUR25894
,OUR25948
,OUR25942
,OUR26055
,OUR23307
,OUR23586
,OUR26088
,OUR11388
,OUR11419
,OUR11420
,OUR11425
,OUR11431
,OUR11481
,OUR11514
,OUR11518
,OUR11535
,OUR11578
,OUR11609
,OUR11658
,OUR11678
,OUR11682
,OUR11698-C
,OUR11692
,OUR11694
,OUR11716
,OUR11742
,OUR11773
,OUR12005
,OUR06893
,OUR12088
,OUR11634
,OUR12096
,OUR12101
,OUR12136
,OUR12157
,OUR12162
,OUR12193
,OUR12227
,OUR12244
,OUR12278
,OUR12309
,OUR12388
,OUR12414
,OUR12453
,OUR12485
,OUR12523
,OUR12596
,OUR12594
,OUR12602
,OUR12787-C
,OUR12751
,OUR12768
,OUR12815
,OUR12816
,OUR12852
,OUR12867
,OUR12956
,OUR12987
,OUR13047
,OUR13042
,OUR13157
,OUR13201
,OUR13206
,OUR13224
,OUR13214
,OUR13236
,OUR13234
,OUR13243
,OUR13263
,OUR13282
,OUR13275
,OUR13300
,OUR13331
,OUR13342
,OUR13407
,OUR13422
,OUR13413
,OUR13427
,OUR13418
,OUR13437
,OUR13462
,OUR13518
,OUR13515
,OUR13529
,OUR13504
,OUR13531
,OUR13568
,OUR13631
,OUR13588
,OUR13610
,OUR13626
,OUR13639
,OUR13647
,OUR13657
,OUR13655
,OUR13728
,OUR13744
,OUR13758
,OUR13750
,OUR13734
,OUR13769
,OUR13776
,OUR13797
,OUR13818
,OUR13857
,OUR13918
,OUR13925
,OUR13912
,OUR13933
,OUR13978
,OUR14085
,OUR14103
,OUR14108
,OUR14148
,OUR14144
,OUR14153
,OUR14194
,OUR14188
,OUR14189
,OUR14212
,OUR14226
,OUR14264
,OUR14279
,OUR14298
,OUR14332
,OUR14368
,OUR14401
,OUR14390
,OUR14444-C
,OUR14438
,OUR14431
,OUR14435
,OUR12787
,OUR14508
,OUR14494
,OUR14578
,OUR14567-C
,OUR14567
,OUR14594
,OUR14586
,OUR14637
,OUR14625
,OUR14636
,OUR14682
,OUR14679
,OUR14692
,OUR14698
,OUR14709
,OUR14719
,OUR14728
,OUR14717
,OUR14753
,OUR14741
,OUR14754
,OUR14756
,OUR14786
,OUR14800
,OUR14808
,OUR14891
,OUR14916
,OUR14922
,OUR14934
,OUR14938
,OUR14942
,OUR14948
,OUR14796
,OUR15437
,OUR15487
,OUR15509
,OUR15593
,OUR15589
,OUR15627
,OUR15662
,OUR15671
,OUR15695
,OUR15702
,OUR15734
,OUR16074
,OUR15750
,OUR15806
,OUR15830
,OUR15842
,OUR15852
,OUR15920
,OUR15958
,OUR15928
,OUR15996-C
,OUR15968
,OUR16104
,OUR16117
,OUR16145
,OUR16130
,OUR16160
,OUR16167
,OUR14444
,OUR16317
,OUR16319
,OUR16340
,OUR16356
,OUR15996
,OUR16374
,OUR16376
,OUR16404
,OUR16453
,OUR16507
,OUR16576
,OUR16612
,OUR16651
,OUR16674
,OUR16770
,OUR16776
,OUR16849
,OUR16892
,OUR16893
,OUR17001
,OUR17021
,OUR16999
,OUR17064
,OUR17099
,OUR17101-C
,OUR17138
,OUR17151
,OUR17187
,OUR17249
,OUR17319
,OUR17362
,OUR17385
,OUR17389
,OUR17468
,OUR17490
,OUR17488
,OUR17534
,OUR17546
,OUR17565
,OUR17589
,OUR17592
,OUR16818
,OUR17770
,OUR17811
,OUR17888
,OUR17961
,OUR18014
,OUR18056
,OUR18085
,OUR18114
,OUR18120-C
,OUR18142
,OUR18193
,OUR18212
,OUR18199
,OUR18235
,OUR18267
,OUR18290
,OUR18336
,OUR18399
,OUR18448
,OUR18527
,OUR18530
,OUR18120
,OUR18588
,OUR18562
,OUR18606
,OUR18623
,OUR18616
,OUR18632
,OUR18751
,OUR18758
,OUR18838
,OUR18902
,OUR18929
,OUR18928
,OUR18951
,OUR18989
,OUR18997
,OUR19021
,OUR19071
,OUR19108
,OUR19084
,OUR19082
,OUR19094
,OUR19140
,OUR19126
,OUR19151
,OUR19193
,OUR19197
,OUR19196
,OUR19280
,OUR19271
,OUR19296
,OUR19321
,OUR19404
,OUR19412
,OUR19477
,OUR19503
,OUR17101
,OUR19596
,OUR19623
,OUR19655
,OUR19654
,OUR19670
,OUR19730
,OUR19732
,OUR19735
,OUR19771
,OUR19778
,OUR19784
,OUR19865
,OUR19845
,OUR19857
,OUR19883
,OUR19880
,OUR20016
,OUR19985
,OUR19991
,OUR19988
,OUR20107
,OUR20105
,OUR20120
,OUR20136
,OUR20170
,OUR20173
,OUR20198
,OUR20218-C
,OUR20241
,OUR20249
,OUR20267
,OUR20281
,OUR20283
,OUR20362
,OUR20415
,OUR20419
,OUR20464
,OUR20479
,OUR20488
,OUR20496
,OUR20525
,OUR20522
,OUR20533
,OUR20550
,OUR20551
,OUR20689
,OUR20771
,OUR20790
,OUR20818
,OUR20828
,OUR20907-C
,OUR20972-C1
,OUR20966
,OUR20987
,OUR21023
,OUR21022
,OUR21107
,OUR21140-C
,OUR21226
,OUR20218
,OUR21315
,OUR21343
,OUR21329
,OUR21364
,OUR21369
,OUR21379
,OUR21398
,OUR21503
,OUR20972-C2
,OUR21563
,OUR21140
,OUR21658
,OUR21686
,OUR21725
,OUR21735
,OUR21742
,OUR21744
,OUR21762
,OUR21790
,OUR21805
,OUR21812
,OUR21854
,OUR21883
,OUR21890
,OUR21931
,OUR21904
,OUR21887
,OUR21913
,OUR21961
,OUR21942
,OUR21975
,OUR22032
,OUR22016
,OUR22041
,OUR22046
,OUR22079
,OUR22081
,OUR22129
,OUR22211-C
,OUR22229
,OUR22216
,OUR22227
,OUR22253
,OUR22292
,OUR20972
,OUR22312
,OUR22376
,OUR22395-C
,OUR22404
,OUR22402
,OUR22401
,OUR22422
,OUR22462
,OUR22494
,OUR22487-C
,OUR22565
,OUR22591
,OUR22617
,OUR22618
,OUR22622
,OUR22641
,OUR22657
,OUR22662
,OUR22705
,OUR22718
,OUR22754
,OUR22762
,OUR22760
,OUR22771
,OUR22783
,OUR22813
,OUR22797
,OUR22878
,OUR22852-C
,OUR22867
,OUR22862
,OUR22889
,OUR22924
,OUR22940
,OUR22953
,OUR22954
,OUR22990
,OUR22999
,OUR22998
,OUR23049
,OUR22211
,OUR23093
,OUR23116
,OUR23119
,OUR23123
,OUR23127
,OUR23157
,OUR23179
,OUR23188
,OUR23210
,OUR23234
,OUR23233
,OUR23357
,OUR23373
,OUR23370
,OUR23348
,OUR23418
,OUR23473
,OUR23460
,OUR23528
,OUR23558
,OUR23542
,OUR23604
,OUR23625
,OUR23701
,OUR23705
,OUR23714
,OUR23721
,OUR23750
,OUR23788
,OUR23806
,OUR23813
,OUR23852-C
,OUR23852
,OUR23856
,OUR23942
,OUR23965
,OUR23997
,OUR24025
,OUR24033
,OUR22852
,OUR24059
,OUR22395
,OUR24109
,OUR24131
,OUR24150
,OUR24169
,OUR24209
,OUR24225
,OUR24235
,OUR24255
,OUR24353
,OUR24362
,OUR24377
,OUR24379
,OUR24391
,OUR24423
,OUR24456
,OUR24498
,OUR24532
,OUR24548
,OUR24613
,OUR24648
,OUR24682
,OUR24718
,OUR24708
,OUR24733
,OUR24727
,OUR24793
,OUR24835
,OUR24854
,OUR24900
,OUR24953
,OUR24986
,OUR25018
,OUR25252
,OUR25371
,OUR25326
,OUR25399
,OUR25401
,OUR25403
,OUR25415
,OUR25425
,OUR25503
,OUR25515
,OUR25561
,OUR25588
,OUR25668
,OUR25653
,OUR25682
,OUR25699
,OUR25705
,OUR25739
,OUR25743
,OUR25754
,OUR25782
,OUR25849
,OUR25900
,OUR25907
,OUR25945
,OUR25970
,OUR25952
,OUR25987
,OUR26003
,OUR26053
,OUR26067
,OUR26058
,OUR26073
,OUR26089
,OUR19805
,OUR13905
,OUR14463
,OUR14461
,OUR14668
,OUR14881
,OUR21448
,OUR22195
,OUR22569
,OUR22779
,OUR23027
,OUR23307
,OUR23465
,OUR23586
,OUR23723
,OUR24007
,OUR24988
,OUR25656
,OUR24428
,OUR24737
,OUR24525
,OUR25034
,OUR25803
,OUR25144
,OUR25564
,OUR25298
,OUR25685
,OUR25512
,OUR25724
,OUR25912
,OUR25953
,OUR26056
,OUR26088
,OUR26082
,OUR26083
,OUR26089
