1,2,61,3,23.79,2.20,25.99,03-13-22,05-11-22
1,2,188,3,26.49,1.00,27.49,03-13-22,06-14-22
1,2,207,3,37.99,2.00,39.99,03-13-22,06-14-22
1,2,261,3,26.25,2.50,28.75,03-13-22,06-14-22
1,2,262,3,24.75,2.00,26.75,03-13-22,06-14-22
1,2,301,3,15.00,0.00,15.00,03-13-22,06-14-22
1,2,304,3,15.00,0.00,15.00,03-13-22,06-14-22
1,2,305,3,15.00,0.00,15.00,03-13-22,06-14-22
1,2,306,3,15.00,0.00,15.00,03-13-22,06-14-22
1,2,307,3,15.00,0.00,15.00,03-13-22,06-01-22
1,2,308,3,0.00,15.00,15.00,03-13-22,06-14-22
1,2,309,3,15.00,0.00,15.00,03-13-22,06-14-22
1,2,136,3,24.00,2.00,26.00,03-13-22,06-14-22
1,2,126,3,24.00,2.00,26.00,03-13-22,06-14-22
1,2,18,3,20.79,4.00,24.79,03-13-22,06-14-22
1,2,285,3,28.99,2.00,30.99,03-23-22,06-14-22
1,2,286,3,24.49,2.00,26.49,03-23-22,06-14-22
1,2,228,3,24.00,5.75,29.75,05-09-22,06-14-22
1,2,229,3,22.00,5.25,27.25,05-09-22,06-14-22
1,2,61,3,22.49,3.50,25.99,05-12-22,06-14-22
1,2,310,3,0.00,0.00,0.00,05-26-22,06-14-22
1,2,228,3,26.75,3.00,29.75,03-13-22,05-08-22
1,2,229,3,24.25,3.00,27.25,03-13-22,05-08-22
1,2,310,3,0.00,15.00,15.00,05-01-22,05-25-22
3,2,228,3,26.75,3.00,29.75,03-13-22,05-08-22
3,2,229,3,24.25,3.00,27.25,03-13-22,05-08-22
3,2,285,3,27.99,2.00,29.99,03-13-22,03-22-22
3,2,286,3,23.49,2.00,25.49,03-13-22,03-22-22
3,2,61,3,23.79,2.20,25.99,03-13-22,05-11-22
3,2,188,3,26.49,1.00,27.49,03-13-22,06-14-22
3,2,207,3,37.99,2.00,39.99,03-13-22,06-14-22
3,2,261,3,26.25,2.50,28.75,03-13-22,06-14-22
3,2,262,3,24.75,2.00,26.75,03-13-22,06-14-22
3,2,301,3,15.00,0.00,15.00,03-13-22,06-14-22
3,2,304,3,15.00,0.00,15.00,03-13-22,06-14-22
3,2,307,3,15.00,0.00,15.00,03-13-22,06-01-22
3,2,305,3,15.00,5.00,20.00,03-13-22,06-14-22
3,2,306,3,15.00,0.00,15.00,03-13-22,06-14-22
3,2,308,3,0.00,15.00,15.00,03-13-22,06-14-22
3,2,309,3,15.00,0.00,15.00,03-13-22,06-14-22
3,2,136,3,24.00,2.00,26.00,03-13-22,06-14-22
3,2,61,3,22.49,3.50,25.99,05-12-22,06-14-22
3,2,126,3,24.00,2.00,26.00,03-13-22,06-14-22
3,2,18,3,20.79,4.00,24.79,03-13-22,06-14-22
3,2,285,3,28.99,2.00,30.99,03-23-22,06-14-22
3,2,286,3,24.49,2.00,26.49,03-23-22,06-14-22
3,2,228,3,24.00,5.75,29.75,05-09-22,06-14-22
3,2,229,3,22.00,5.25,27.25,05-09-22,06-14-22
3,2,310,3,0.00,0.00,0.00,05-26-22,06-14-22
3,2,310,3,0.00,15.00,15.00,05-01-22,05-25-22
88,2,61,3,22.49,3.50,25.99,05-12-22,06-14-22
88,2,61,32,22.49,3.50,25.99,05-12-22,06-14-22
4,2,262,3,25.50,0.00,25.50,04-01-21,06-14-21
4,2,286,3,23.99,0.00,23.99,04-01-21,06-30-21
4,2,285,3,27.49,0.00,27.49,04-01-21,11-30-21
4,2,262,3,24.75,0.00,24.75,06-15-21,11-30-21
8,2,61,3,22.49,5.30,27.79,06-01-22,06-14-22
8,2,61,32,22.49,5.30,27.79,06-01-22,06-14-22
8,2,188,3,26.49,3.00,29.49,06-01-22,06-14-22
8,2,207,3,37.99,3.00,40.99,06-01-22,06-14-22
8,2,261,3,26.25,4.00,30.25,06-01-22,06-14-22
8,2,262,3,24.75,3.00,27.75,06-01-22,06-14-22
8,2,301,3,15.00,5.00,20.00,06-01-22,06-14-22
8,2,304,3,15.00,5.00,20.00,06-01-22,06-14-22
8,2,305,3,15.00,5.00,20.00,06-01-22,06-14-22
8,2,306,3,15.00,5.00,20.00,06-01-22,06-14-22
8,2,308,3,0.00,20.00,20.00,06-01-22,06-14-22
8,2,309,3,15.00,5.00,20.00,06-01-22,06-14-22
8,2,136,3,24.00,4.00,28.00,06-01-22,06-14-22
8,2,126,3,24.00,4.00,28.00,06-01-22,06-14-22
8,2,18,3,20.79,6.00,26.79,06-01-22,06-14-22
8,2,188,32,26.49,3.00,29.49,06-01-22,06-14-22
8,2,265,3,16.25,4.00,20.25,06-01-22,06-14-22
8,2,274,3,40.00,4.00,44.00,06-01-22,06-14-22
8,2,285,3,28.99,2.00,30.99,06-01-22,06-14-22
8,2,286,3,24.49,3.00,27.49,06-01-22,06-14-22
8,2,180,3,20.99,4.00,24.99,06-01-22,06-14-22
8,2,180,32,20.99,4.00,24.99,06-01-22,06-14-22
8,2,207,32,37.99,3.00,40.99,06-01-22,06-14-22
8,2,228,3,24.00,5.75,29.75,06-01-22,06-14-22
8,2,229,3,22.00,6.25,28.25,06-01-22,06-14-22
8,2,194,3,22.49,5.00,27.49,06-01-22,06-14-22
8,2,310,3,0.00,0.00,0.00,06-01-22,06-14-22
11,2,228,3,26.75,3.00,29.75,03-13-22,05-08-22
11,2,229,3,24.25,3.00,27.25,03-13-22,05-08-22
11,2,285,3,27.99,2.00,29.99,03-13-22,03-22-22
11,2,286,3,23.49,2.00,25.49,03-13-22,03-22-22
11,2,61,3,23.79,2.20,25.99,03-13-22,05-11-22
11,2,307,3,15.00,0.00,15.00,03-13-22,06-01-22
11,2,61,3,22.49,3.50,25.99,05-12-22,06-14-22
11,2,188,3,26.49,1.00,27.49,03-13-22,06-14-22
11,2,207,3,37.99,2.00,39.99,03-13-22,06-14-22
11,2,261,3,26.25,2.50,28.75,03-13-22,06-14-22
11,2,262,3,24.75,2.00,26.75,03-13-22,06-14-22
11,2,301,3,15.00,0.00,15.00,03-13-22,06-14-22
11,2,304,3,15.00,0.00,15.00,03-13-22,06-14-22
11,2,305,3,15.00,0.00,15.00,03-13-22,06-14-22
11,2,306,3,15.00,0.00,15.00,03-13-22,06-14-22
11,2,308,3,0.00,15.00,15.00,03-13-22,06-14-22
11,2,309,3,15.00,0.00,15.00,03-13-22,06-14-22
11,2,136,3,24.00,2.00,26.00,03-13-22,06-14-22
11,2,126,3,24.00,2.00,26.00,03-13-22,06-14-22
11,2,18,3,20.79,4.00,24.79,03-13-22,06-14-22
11,2,285,3,28.99,2.00,30.99,03-23-22,06-14-22
11,2,286,3,24.49,2.00,26.49,03-23-22,06-14-22
11,2,228,3,24.00,5.75,29.75,05-09-22,06-14-22
11,2,229,3,22.00,5.25,27.25,05-09-22,06-14-22
11,2,310,3,0.00,0.00,0.00,05-26-22,06-14-22
11,2,310,3,0.00,15.00,15.00,05-01-22,05-25-22
13,2,252,3,26.25,3.25,29.50,04-01-21,06-14-21
13,2,7,3,-0.15,0.15,0.00,08-02-21,01-19-22
13,2,188,3,26.49,2.50,28.99,04-01-21,03-12-22
13,2,194,3,22.49,3.50,25.99,04-01-21,03-12-22
13,2,170,3,0.00,2.50,2.50,04-01-21,03-12-22
13,2,251,3,28.25,2.50,30.75,04-01-21,03-12-22
13,2,304,3,15.00,2.50,17.50,04-01-21,03-12-22
13,2,252,3,26.00,3.50,29.50,06-15-21,03-12-22
13,2,176,3,24.99,2.50,27.49,07-01-21,03-12-22
13,2,180,3,20.99,2.50,23.49,08-01-21,03-12-22
13,2,262,3,24.75,2.50,27.25,08-01-21,03-12-22
13,2,206,3,0.00,0.00,0.00,08-01-21,03-12-22
13,2,261,3,27.75,2.50,30.25,09-01-21,03-12-22
13,2,234,3,6.25,2.50,8.75,11-01-21,03-12-22
13,2,229,3,24.25,3.50,27.75,11-01-21,03-12-22
13,2,192,3,24.49,2.50,26.99,11-01-21,03-12-22
13,2,228,3,26.75,2.50,29.25,11-01-21,03-12-22
13,2,207,3,37.99,2.50,40.49,11-01-21,03-12-22
13,2,307,3,0.00,0.00,0.00,01-01-22,03-12-22
13,2,180,32,20.99,2.50,23.49,01-01-22,03-12-22
13,,7,,-0.25,0.25,0.00,01-20-22,03-12-22
13,,8,,-0.25,0.25,0.00,01-20-22,03-12-22
13,2,188,32,26.49,2.50,28.99,02-01-22,03-12-22
13,2,228,3,26.75,3.00,29.75,03-13-22,05-08-22
13,2,229,3,24.25,4.00,28.25,03-13-22,05-08-22
13,2,285,3,27.99,2.00,29.99,03-13-22,03-22-22
13,2,286,3,23.49,3.00,26.49,03-13-22,03-22-22
13,2,61,3,24.79,3.00,27.79,04-01-21,03-12-22
13,2,307,3,0.00,0.00,0.00,03-13-22,06-01-22
13,2,61,32,24.79,3.50,28.29,02-01-22,03-12-22
13,2,61,3,23.79,4.00,27.79,03-13-22,05-11-22
13,2,61,32,23.79,4.00,27.79,03-13-22,05-11-22
13,2,61,3,22.49,5.30,27.79,05-12-22,06-14-22
13,2,61,32,22.49,5.30,27.79,05-12-22,06-14-22
13,2,188,3,26.49,3.00,29.49,03-13-22,06-14-22
13,2,207,3,37.99,3.00,40.99,03-13-22,06-14-22
13,2,261,3,26.25,4.00,30.25,03-13-22,06-14-22
13,2,262,3,24.75,3.00,27.75,03-13-22,06-14-22
13,2,301,3,15.00,5.00,20.00,03-13-22,06-14-22
13,2,304,3,15.00,5.00,20.00,03-13-22,06-14-22
13,2,305,3,15.00,5.00,20.00,03-13-22,06-14-22
13,2,306,3,15.00,5.00,20.00,03-13-22,06-14-22
13,2,308,3,0.00,20.00,20.00,03-13-22,06-14-22
13,2,309,3,15.00,5.00,20.00,03-13-22,06-14-22
13,2,136,3,24.00,4.00,28.00,03-13-22,06-14-22
13,2,126,3,24.00,4.00,28.00,03-13-22,06-14-22
13,2,18,3,20.79,6.00,26.79,03-13-22,06-14-22
13,2,188,32,26.49,3.00,29.49,03-13-22,06-14-22
13,2,265,3,16.25,4.00,20.25,03-13-22,06-14-22
13,2,274,3,40.00,4.00,44.00,03-13-22,06-14-22
13,2,285,3,28.99,2.00,30.99,03-23-22,06-14-22
13,2,286,3,24.49,3.00,27.49,03-23-22,06-14-22
13,2,180,3,20.99,4.00,24.99,03-23-22,06-14-22
13,2,180,32,20.99,4.00,24.99,03-23-22,06-14-22
13,2,207,32,37.99,3.00,40.99,03-23-22,06-14-22
13,2,228,3,24.00,5.75,29.75,05-09-22,06-14-22
13,2,229,3,22.00,6.25,28.25,05-09-22,06-14-22
13,2,194,3,22.49,5.00,27.49,05-01-22,06-14-22
13,2,310,3,0.00,0.00,0.00,05-26-22,06-14-22
13,2,310,3,0.00,20.00,20.00,05-01-22,05-25-22
13,2,303,3,15.00,5.00,20.00,02-01-22,06-14-22
14,2,188,3,26.49,1.00,27.49,08-01-21,03-12-22
14,2,261,3,27.75,0.25,28.00,09-01-21,03-12-22
14,2,229,3,24.25,2.00,26.25,11-01-21,03-12-22
14,2,228,3,26.75,2.00,28.75,11-01-21,03-12-22
14,2,180,3,20.99,2.00,22.99,02-01-22,03-12-22
14,2,228,3,26.75,3.00,29.75,03-13-22,05-08-22
14,2,229,3,24.25,3.00,27.25,03-13-22,05-08-22
14,2,285,3,27.99,2.00,29.99,03-13-22,03-22-22
14,2,286,3,23.49,2.00,25.49,03-13-22,03-22-22
14,2,307,3,0.00,15.00,15.00,03-13-22,06-01-22
14,2,61,3,24.79,2.20,26.99,08-01-21,03-12-22
14,2,61,3,23.79,2.20,25.99,03-13-22,05-11-22
14,2,61,3,22.49,3.50,25.99,05-12-22,06-14-22
14,2,188,3,26.49,1.00,27.49,03-13-22,06-14-22
14,2,207,3,37.99,2.00,39.99,02-13-22,06-14-22
14,2,261,3,26.25,2.50,28.75,03-13-22,06-14-22
14,2,262,3,24.75,2.00,26.75,03-13-22,06-14-22
14,2,301,3,15.00,0.00,15.00,03-13-22,06-14-22
14,2,304,3,15.00,0.00,15.00,03-13-22,06-14-22
14,2,305,3,15.00,5.00,20.00,03-13-22,06-14-22
14,2,306,3,15.00,0.00,15.00,03-13-22,06-14-22
14,2,308,3,0.00,15.00,15.00,03-13-22,06-14-22
14,2,309,3,15.00,0.00,15.00,03-13-22,06-14-22
14,2,136,3,24.00,2.00,26.00,03-13-22,06-14-22
14,2,126,3,24.00,2.00,26.00,03-13-22,06-14-22
14,2,18,3,20.79,4.00,24.79,03-13-22,06-14-22
14,2,272,3,27.25,2.20,29.45,03-13-22,06-14-22
14,2,285,3,28.99,2.00,30.99,03-23-22,06-14-22
14,2,286,3,24.49,2.00,26.49,03-23-22,06-14-22
14,2,228,3,24.00,5.75,29.75,05-09-22,06-14-22
14,2,229,3,22.00,5.25,27.25,05-09-22,06-14-22
14,2,287,3,19.49,2.00,21.49,03-13-22,06-14-22
14,2,310,3,0.00,0.00,0.00,05-26-22,06-14-22
14,2,310,3,0.00,15.00,15.00,05-01-22,05-25-22
16,2,228,3,26.75,3.00,29.75,03-13-22,05-08-22
16,2,229,3,24.25,3.00,27.25,03-13-22,05-08-22
16,2,285,3,27.99,2.00,29.99,03-13-22,03-22-22
16,2,286,3,23.49,2.00,25.49,03-13-22,03-22-22
16,2,307,3,15.00,0.00,15.00,03-13-22,06-01-22
16,2,61,3,23.79,2.20,25.99,03-13-22,05-11-22
16,2,61,3,22.49,3.50,25.99,05-12-22,06-14-22
16,2,188,3,26.49,1.00,27.49,03-13-22,06-14-22
16,2,207,3,37.99,2.00,39.99,03-13-22,06-14-22
16,2,261,3,26.25,2.50,28.75,03-13-22,06-14-22
16,2,262,3,24.75,2.00,26.75,03-13-22,06-14-22
16,2,301,3,15.00,0.00,15.00,03-13-22,06-14-22
16,2,304,3,15.00,0.00,15.00,03-13-22,06-14-22
16,2,305,3,15.00,5.00,20.00,03-13-22,06-14-22
16,2,306,3,15.00,0.00,15.00,03-13-22,06-14-22
16,2,308,3,0.00,15.00,15.00,03-13-22,06-14-22
16,2,309,3,15.00,0.00,15.00,03-13-22,06-14-22
16,2,136,3,24.00,2.00,26.00,03-13-22,06-14-22
16,2,126,3,24.00,2.00,26.00,03-13-22,06-14-22
16,2,18,3,20.79,4.00,24.79,03-13-22,06-14-22
16,2,285,3,28.99,2.00,30.99,03-23-22,06-14-22
16,2,286,3,24.49,2.00,26.49,03-23-22,06-14-22
16,2,228,3,24.00,5.75,29.75,05-09-22,06-14-22
16,2,229,3,22.00,5.25,27.25,05-09-22,06-14-22
16,2,310,3,0.00,0.00,0.00,05-26-22,06-14-22
16,2,310,3,0.00,15.00,15.00,05-01-22,05-25-22
17,2,304,3,15.00,5.00,20.00,01-01-22,03-12-22
17,2,305,3,10.00,10.00,20.00,01-01-22,03-12-22
17,2,309,3,0.00,20.00,20.00,01-01-22,03-12-22
17,2,188,3,26.49,2.50,28.99,01-01-22,03-12-22
17,2,194,3,22.49,3.20,25.69,01-01-22,03-12-22
17,2,176,3,24.99,3.20,28.19,01-01-22,03-12-22
17,2,228,3,26.75,3.00,29.75,03-13-22,05-08-22
17,2,229,3,24.25,4.00,28.25,03-13-22,05-08-22
17,2,285,3,27.99,2.00,29.99,03-13-22,03-22-22
17,2,286,3,23.49,3.00,26.49,03-13-22,03-22-22
17,2,61,3,24.79,3.20,27.99,01-01-22,03-12-22
17,2,307,3,15.00,5.00,20.00,03-13-22,06-01-22
17,2,61,3,23.79,4.00,27.79,03-13-22,05-11-22
17,2,61,3,22.49,5.30,27.79,05-12-22,06-14-22
17,2,188,3,26.49,3.00,29.49,03-13-22,06-14-22
17,2,207,3,37.99,3.00,40.99,03-13-22,06-14-22
17,2,261,3,26.25,4.00,30.25,03-13-22,06-14-22
17,2,262,3,24.75,3.00,27.75,03-13-22,06-14-22
17,2,301,3,15.00,5.00,20.00,03-13-22,06-14-22
17,2,304,3,15.00,5.00,20.00,03-13-22,06-14-22
17,2,305,3,15.00,5.00,20.00,03-13-22,06-14-22
17,2,306,3,15.00,5.00,20.00,03-13-22,06-14-22
17,2,308,3,0.00,20.00,20.00,03-13-22,06-14-22
17,2,309,3,15.00,5.00,20.00,03-13-22,06-14-22
17,2,136,3,24.00,4.00,28.00,03-13-22,06-14-22
17,2,126,3,24.00,4.00,28.00,03-13-22,06-14-22
17,2,18,3,20.79,6.00,26.79,03-13-22,06-14-22
17,2,285,3,28.99,2.00,30.99,03-23-22,06-14-22
17,2,286,3,24.49,3.00,27.49,03-23-22,06-14-22
17,2,228,3,24.00,5.75,29.75,05-09-22,06-14-22
17,2,229,3,22.00,6.25,28.25,05-09-22,06-14-22
17,2,310,3,0.00,0.00,0.00,05-26-22,06-14-22
17,2,310,3,0.00,20.00,20.00,05-01-22,05-25-22
17,2,31,3,18.29,3.00,21.29,03-01-22,06-14-22
18,2,285,3,27.99,2.00,29.99,02-01-22,03-12-22
18,2,228,3,26.75,3.00,29.75,03-13-22,05-08-22
18,2,229,3,24.25,3.00,27.25,03-13-22,05-08-22
18,2,285,3,27.99,2.00,29.99,03-13-22,03-22-22
18,2,286,3,23.49,2.00,25.49,03-13-22,03-22-22
18,2,307,3,15.00,0.00,15.00,03-13-22,06-01-22
18,2,61,3,23.79,2.20,25.99,03-13-22,05-11-22
18,2,61,3,22.49,3.50,25.99,05-12-22,06-14-22
18,2,188,3,26.49,1.00,27.49,03-13-22,06-14-22
18,2,207,3,37.99,2.00,39.99,03-13-22,06-14-22
18,2,261,3,26.25,2.50,28.75,03-13-22,06-14-22
18,2,262,3,24.75,2.00,26.75,03-13-22,06-14-22
18,2,301,3,15.00,0.00,15.00,03-13-22,06-14-22
18,2,304,3,15.00,0.00,15.00,03-13-22,06-14-22
18,2,305,3,15.00,5.00,20.00,03-13-22,06-14-22
18,2,306,3,15.00,0.00,15.00,03-13-22,06-14-22
18,2,308,3,0.00,15.00,15.00,03-13-22,06-14-22
18,2,309,3,15.00,0.00,15.00,03-13-22,06-14-22
18,2,136,3,24.00,2.00,26.00,03-13-22,06-14-22
18,2,126,3,24.00,2.00,26.00,03-13-22,06-14-22
18,2,18,3,20.79,4.00,24.79,03-13-22,06-14-22
18,2,285,3,28.99,2.00,30.99,03-23-22,06-14-22
18,2,286,3,24.49,2.00,26.49,03-23-22,06-14-22
18,2,228,3,24.00,5.75,29.75,05-09-22,06-14-22
18,2,229,3,22.00,5.25,27.25,05-09-22,06-14-22
18,2,310,3,0.00,0.00,0.00,05-26-22,06-14-22
18,2,310,3,0.00,15.00,15.00,05-01-22,05-25-22
19,2,61,3,22.49,5.30,27.79,05-01-22,06-14-22
19,2,61,32,22.49,5.30,27.79,05-01-22,06-14-22
19,2,188,3,26.49,3.00,29.49,05-01-22,06-14-22
19,2,207,3,37.99,3.00,40.99,05-01-22,06-14-22
19,2,261,3,26.25,4.00,30.25,05-01-22,06-14-22
19,2,262,3,24.75,3.00,27.75,05-01-22,06-14-22
19,2,301,3,15.00,5.00,20.00,05-01-22,06-14-22
19,2,304,3,15.00,5.00,20.00,05-01-22,06-14-22
19,2,305,3,15.00,5.00,20.00,05-01-22,06-14-22
19,2,306,3,15.00,5.00,20.00,05-01-22,06-14-22
19,2,308,3,0.00,20.00,20.00,05-01-22,06-14-22
19,2,309,3,15.00,5.00,20.00,05-01-22,06-14-22
19,2,136,3,24.00,4.00,28.00,05-01-22,06-14-22
19,2,126,3,24.00,4.00,28.00,05-01-22,06-14-22
19,2,18,3,20.79,6.00,26.79,05-01-22,06-14-22
19,2,188,32,26.49,3.00,29.49,05-01-22,06-14-22
19,2,265,3,16.25,4.00,20.25,05-01-22,06-14-22
19,2,274,3,40.00,4.00,44.00,05-01-22,06-14-22
19,2,285,3,28.99,2.00,30.99,05-01-22,06-14-22
19,2,286,3,24.49,3.00,27.49,05-01-22,06-14-22
19,2,180,3,20.99,4.00,24.99,05-01-22,06-14-22
19,2,180,32,20.99,4.00,24.99,05-01-22,06-14-22
19,2,207,32,37.99,3.00,40.99,05-01-22,06-14-22
19,2,228,3,24.00,5.75,29.75,05-01-22,06-14-22
19,2,229,3,22.00,6.25,28.25,05-01-22,06-14-22
19,2,194,3,22.49,5.00,27.49,05-01-22,06-14-22
19,2,310,3,0.00,0.00,0.00,05-26-22,06-14-22
19,2,310,3,0.00,20.00,20.00,05-01-22,05-25-22
19,2,244,3,23.00,1.75,24.75,06-01-22,06-14-22
22,2,244,3,21.75,1.75,23.50,01-01-22,03-12-22
22,2,228,3,26.75,3.00,29.75,03-13-22,05-08-22
22,2,229,3,24.25,3.00,27.25,03-13-22,05-08-22
22,2,285,3,27.99,2.00,29.99,03-13-22,03-22-22
22,2,286,3,23.49,2.00,25.49,03-13-22,03-22-22
22,2,61,3,24.79,1.20,25.99,12-01-21,03-12-22
22,2,307,3,15.00,0.00,15.00,03-13-22,06-01-22
22,2,61,3,23.79,2.20,25.99,03-13-22,05-11-22
22,2,61,3,22.49,3.50,25.99,05-12-22,06-14-22
22,2,188,3,26.49,1.00,27.49,03-05-22,06-14-22
22,2,207,3,37.99,2.00,39.99,03-13-22,06-14-22
22,2,261,3,26.25,2.50,28.75,03-13-22,06-14-22
22,2,262,3,24.75,2.00,26.75,03-13-22,06-14-22
22,2,301,3,15.00,0.00,15.00,03-13-22,06-14-22
22,2,304,3,15.00,0.00,15.00,03-13-22,06-14-22
22,2,305,3,15.00,5.00,20.00,03-13-22,06-14-22
22,2,306,3,15.00,0.00,15.00,03-13-22,06-14-22
22,2,308,3,0.00,15.00,15.00,03-13-22,06-14-22
22,2,309,3,15.00,0.00,15.00,03-13-22,06-14-22
22,2,136,3,24.00,2.00,26.00,03-13-22,06-14-22
22,2,126,3,24.00,2.00,26.00,03-13-22,06-14-22
22,2,18,3,20.79,4.00,24.79,03-13-22,06-14-22
22,2,285,3,28.99,2.00,30.99,03-23-22,06-14-22
22,2,286,3,24.49,2.00,26.49,03-23-22,06-14-22
22,2,228,3,24.00,5.75,29.75,05-09-22,06-14-22
22,2,229,3,22.00,5.25,27.25,05-09-22,06-14-22
22,2,310,3,0.00,0.00,0.00,05-26-22,06-14-22
22,2,310,3,0.00,15.00,15.00,05-01-22,05-25-22
22,2,31,3,18.29,2.00,20.29,02-15-22,06-14-22
22,2,94,3,17.00,21.00,38.00,04-01-22,05-01-22
23,2,61,3,22.49,5.30,27.79,05-12-22,06-14-22
24,2,228,3,26.75,3.00,29.75,04-01-22,05-08-22
24,2,229,3,24.25,3.00,27.25,04-01-22,05-08-22
24,2,307,3,15.00,0.00,15.00,04-01-22,06-01-22
24,2,61,3,23.79,2.20,25.99,04-01-22,05-11-22
24,2,61,3,22.49,3.50,25.99,05-12-22,06-14-22
24,2,188,3,26.49,1.00,27.49,04-01-22,06-14-22
24,2,207,3,37.99,2.00,39.99,04-01-22,06-14-22
24,2,261,3,26.25,2.50,28.75,04-01-22,06-14-22
24,2,262,3,24.75,2.00,26.75,04-01-22,06-14-22
24,2,301,3,15.00,0.00,15.00,04-01-22,06-14-22
24,2,304,3,15.00,0.00,15.00,04-01-22,06-14-22
24,2,305,3,15.00,0.00,15.00,04-01-22,06-14-22
24,2,306,3,15.00,0.00,15.00,04-01-22,06-14-22
24,2,308,3,0.00,15.00,15.00,04-01-22,06-14-22
24,2,309,3,15.00,0.00,15.00,04-01-22,06-14-22
24,2,136,3,24.00,2.00,26.00,04-01-22,06-14-22
24,2,126,3,24.00,2.00,26.00,04-01-22,06-14-22
24,2,18,3,20.79,4.00,24.79,04-01-22,06-14-22
24,2,285,3,28.99,2.00,30.99,03-23-22,06-14-22
24,2,286,3,24.49,2.00,26.49,03-23-22,06-14-22
24,2,228,3,24.00,5.75,29.75,05-09-22,06-14-22
24,2,229,3,22.00,5.25,27.25,05-09-22,06-14-22
24,2,310,3,0.00,0.00,0.00,05-26-22,06-14-22
24,2,310,3,0.00,15.00,15.00,05-01-22,05-25-22
25,2,285,3,27.99,1.00,28.99,01-01-22,02-17-22
25,2,188,3,26.49,2.00,28.49,01-01-22,03-12-22
25,2,244,3,21.75,2.00,23.75,01-01-22,03-12-22
25,2,167,3,15.25,2.00,17.25,01-01-22,03-12-22
25,2,285,3,27.99,2.00,29.99,02-18-22,03-12-22
25,2,61,3,24.79,2.20,26.99,01-01-22,03-12-22
31,2,61,3,23.79,2.20,25.99,03-11-22,05-11-22
31,2,61,3,22.49,3.50,25.99,05-12-22,06-14-22
33,2,188,3,26.49,1.00,27.49,08-01-21,03-12-22
33,2,229,3,24.25,1.00,25.25,12-25-21,03-12-22
33,2,194,3,22.49,1.20,23.69,01-01-22,03-12-22
33,2,228,3,26.75,3.00,29.75,03-13-22,05-08-22
33,2,229,3,24.25,3.00,27.25,03-13-22,05-08-22
33,2,285,3,27.99,2.00,29.99,03-13-22,03-22-22
33,2,286,3,23.49,2.00,25.49,03-13-22,03-22-22
33,2,307,3,15.00,0.00,15.00,03-13-22,06-01-22
33,2,61,3,24.79,1.20,25.99,11-01-21,03-12-22
33,2,61,32,24.79,1.20,25.99,02-01-22,03-12-22
33,2,61,3,23.79,2.20,25.99,03-13-22,05-11-22
33,2,61,3,22.49,3.50,25.99,05-12-22,06-14-22
33,2,61,32,22.49,3.50,25.99,05-01-22,06-14-22
33,2,188,3,26.49,1.00,27.49,03-13-22,06-14-22
33,2,207,3,37.99,2.00,39.99,03-13-22,06-14-22
33,2,261,3,26.25,2.50,28.75,03-13-22,06-14-22
33,2,262,3,24.75,2.00,26.75,03-13-22,06-14-22
33,2,301,3,15.00,0.00,15.00,03-13-22,06-14-22
33,2,304,3,15.00,0.00,15.00,03-13-22,06-14-22
33,2,305,3,15.00,5.00,20.00,03-13-22,06-14-22
33,2,306,3,15.00,0.00,15.00,03-13-22,06-14-22
33,2,308,3,0.00,15.00,15.00,03-13-22,06-14-22
33,2,309,3,15.00,0.00,15.00,03-13-22,06-14-22
33,2,136,3,24.00,2.00,26.00,03-13-22,06-14-22
33,2,126,3,24.00,2.00,26.00,03-13-22,06-14-22
33,2,18,3,20.79,4.00,24.79,03-13-22,06-14-22
33,2,55,32,24.99,2.00,26.99,03-01-22,06-14-22
33,2,176,3,24.99,2.00,26.99,03-03-22,06-14-22
33,2,178,3,22.99,2.00,24.99,01-01-22,06-14-22
33,2,285,3,28.99,2.00,30.99,03-23-22,06-14-22
33,2,286,3,24.49,2.00,26.49,03-23-22,06-14-22
33,2,228,3,24.00,5.75,29.75,05-09-22,06-14-22
33,2,229,3,22.00,5.25,27.25,05-09-22,06-14-22
33,2,194,3,22.49,2.00,24.49,03-13-22,06-14-22
33,2,278,3,29.99,2.00,31.99,05-01-22,06-14-22
33,2,310,3,0.00,0.00,0.00,05-26-22,06-14-22
33,2,279,3,18.99,2.00,20.99,05-01-22,06-14-22
33,2,310,3,0.00,15.00,15.00,05-01-22,05-25-22
33,2,31,3,18.29,2.00,20.29,02-15-22,06-14-22
33,2,42,3,20.29,2.00,22.29,03-01-22,06-14-22
34,2,188,3,26.49,2.00,28.49,04-01-21,03-12-22
34,2,180,3,20.99,2.00,22.99,02-25-22,03-12-22
34,2,228,3,26.75,3.00,29.75,03-13-22,05-08-22
34,2,229,3,24.25,4.00,28.25,03-13-22,05-08-22
34,2,285,3,27.99,2.00,29.99,03-13-22,03-22-22
34,2,286,3,23.49,3.00,26.49,03-13-22,03-22-22
34,2,307,3,15.00,5.00,20.00,03-13-22,06-01-22
34,2,61,3,24.79,2.00,26.79,09-01-21,03-12-22
34,2,61,3,23.79,4.00,27.79,03-13-22,05-11-22
34,2,61,3,22.49,5.30,27.79,05-12-22,06-14-22
34,2,188,3,26.49,3.00,29.49,03-13-22,06-14-22
34,2,207,3,37.99,3.00,40.99,01-01-22,06-14-22
34,2,261,3,26.25,4.00,30.25,03-13-22,06-14-22
34,2,262,3,24.75,3.00,27.75,03-13-22,06-14-22
34,2,301,3,15.00,5.00,20.00,03-13-22,06-14-22
34,2,304,3,15.00,5.00,20.00,03-13-22,06-14-22
34,2,305,3,15.00,5.00,20.00,03-13-22,06-14-22
34,2,306,3,15.00,5.00,20.00,03-13-22,06-14-22
34,2,308,3,0.00,20.00,20.00,03-13-22,06-14-22
34,2,309,3,15.00,5.00,20.00,03-13-22,06-14-22
34,2,136,3,24.00,4.00,28.00,03-13-22,06-14-22
34,2,126,3,24.00,4.00,28.00,03-13-22,06-14-22
34,2,18,3,20.79,6.00,26.79,03-13-22,06-14-22
34,2,285,3,28.99,2.00,30.99,03-23-22,06-14-22
34,2,286,3,24.49,3.00,27.49,03-23-22,06-14-22
34,2,228,3,24.00,5.75,29.75,05-09-22,06-14-22
34,2,229,3,22.00,6.25,28.25,05-09-22,06-14-22
34,2,310,3,0.00,0.00,0.00,05-26-22,06-14-22
34,2,310,3,0.00,20.00,20.00,05-01-22,05-25-22
35,2,228,3,26.75,3.00,29.75,03-13-22,05-08-22
35,2,229,3,24.25,3.00,27.25,03-13-22,05-08-22
35,2,285,3,27.99,2.00,29.99,03-13-22,03-22-22
35,2,286,3,23.49,2.00,25.49,03-13-22,03-22-22
35,2,307,3,15.00,0.00,15.00,03-13-22,06-01-22
35,2,61,3,23.79,2.20,25.99,03-13-22,05-11-22
35,2,61,3,22.49,3.50,25.99,05-12-22,06-14-22
35,2,61,32,22.49,3.50,25.99,05-12-22,06-14-22
35,2,188,3,26.49,1.00,27.49,03-13-22,06-14-22
35,2,207,3,37.99,2.00,39.99,03-13-22,06-14-22
35,2,261,3,26.25,2.50,28.75,03-13-22,06-14-22
35,2,262,3,24.75,2.00,26.75,03-13-22,06-14-22
35,2,301,3,15.00,0.00,15.00,03-13-22,06-14-22
35,2,304,3,15.00,0.00,15.00,03-13-22,06-14-22
35,2,305,3,15.00,0.00,15.00,03-13-22,06-14-22
35,2,306,3,15.00,0.00,15.00,03-13-22,06-14-22
35,2,308,3,0.00,15.00,15.00,03-13-22,06-14-22
35,2,309,3,15.00,0.00,15.00,03-13-22,06-14-22
35,2,136,3,24.00,2.00,26.00,03-13-22,06-14-22
35,2,126,3,24.00,2.00,26.00,03-13-22,06-14-22
35,2,18,3,20.79,4.00,24.79,03-13-22,06-14-22
35,2,285,3,28.99,2.00,30.99,03-23-22,06-14-22
35,2,286,3,24.49,2.00,26.49,03-23-22,06-14-22
35,2,228,3,24.00,5.75,29.75,05-09-22,06-14-22
35,2,229,3,22.00,5.25,27.25,05-09-22,06-14-22
35,2,55,32,24.99,2.50,27.49,05-12-22,06-14-22
35,2,310,3,0.00,0.00,0.00,05-26-22,06-14-22
35,2,310,3,0.00,15.00,15.00,05-01-22,05-25-22
35,2,188,32,27.99,3.00,30.99,06-14-22,06-14-22
40,2,188,3,26.49,0.00,26.49,09-01-21,11-30-21
40,2,194,3,22.49,0.00,22.49,09-01-21,11-30-21
40,2,176,3,24.99,0.00,24.99,09-01-21,11-30-21
40,2,285,3,27.99,2.50,30.49,01-01-22,02-17-22
40,2,286,3,23.49,2.00,25.49,01-01-22,02-17-22
40,2,304,3,15.00,5.00,20.00,09-01-21,03-12-22
40,2,305,3,10.00,10.00,20.00,09-01-21,03-12-22
40,2,188,3,26.49,2.50,28.99,12-01-21,03-12-22
40,2,194,3,22.49,3.20,25.69,12-01-21,03-12-22
40,2,176,3,24.99,3.20,28.19,12-01-21,03-12-22
40,2,229,3,24.25,3.00,27.25,12-01-21,03-12-22
40,2,180,3,20.99,3.00,23.99,12-01-21,03-12-22
40,2,7,3,-0.1,0.1,0.00,01-01-22,01-19-22
40,2,167,3,15.25,3.00,18.25,02-01-22,03-12-22
40,2,285,3,27.99,3.00,30.99,02-18-22,03-12-22
40,2,286,3,23.49,2.00,25.49,02-18-22,03-12-22
40,2,309,3,0.00,0.00,0.00,10-01-21,03-12-22
40,2,228,3,26.75,3.00,29.75,03-13-22,05-08-22
40,2,229,3,24.25,4.00,28.25,03-13-22,05-08-22
40,2,285,3,27.99,2.00,29.99,03-13-22,03-22-22
40,2,286,3,23.49,2.00,25.49,03-13-22,03-22-22
40,2,307,3,15.00,5.00,20.00,03-13-22,06-01-22
40,2,61,3,24.79,1.20,25.99,09-01-21,11-30-21
40,2,61,3,24.79,3.20,27.99,12-01-21,03-12-22
40,2,61,32,24.79,3.20,27.99,02-01-22,03-12-22
40,2,61,3,23.79,4.00,27.79,03-13-22,05-11-22
40,2,61,3,22.49,5.30,27.79,05-12-22,06-14-22
40,2,7,3,-0.25,0.25,0.00,01-20-22,06-14-22
40,2,8,3,-0.25,0.25,0.00,01-20-22,06-14-22
40,2,188,3,26.49,3.00,29.49,03-13-22,06-14-22
40,2,207,3,37.99,3.00,40.99,01-01-22,06-14-22
40,2,261,3,26.25,4.00,30.25,03-13-22,06-14-22
40,2,262,3,24.75,3.00,27.75,03-13-22,06-14-22
40,2,301,3,15.00,5.00,20.00,03-13-22,06-14-22
40,2,304,3,15.00,5.00,20.00,03-13-22,06-14-22
40,2,305,3,15.00,5.00,20.00,03-13-22,06-14-22
40,2,306,3,15.00,5.00,20.00,03-13-22,06-14-22
40,2,308,3,0.00,20.00,20.00,03-13-22,06-14-22
40,2,309,3,15.00,5.00,20.00,03-13-22,06-14-22
40,2,136,3,24.00,4.00,28.00,03-13-22,06-14-22
40,2,126,3,24.00,4.00,28.00,03-13-22,06-14-22
40,2,18,3,20.79,6.00,26.79,03-13-22,06-14-22
40,2,180,3,20.99,4.00,24.99,03-13-22,06-14-22
40,2,287,3,17.49,2.00,19.49,03-13-22,06-14-22
40,2,291,3,22.49,2.00,24.49,03-13-22,06-14-22
40,2,285,3,26.99,2.00,28.99,03-23-22,06-14-22
40,2,286,3,22.49,2.00,24.49,03-23-22,06-14-22
40,2,228,3,24.00,5.75,29.75,05-09-22,06-14-22
40,2,229,3,22.00,6.25,28.25,05-09-22,06-14-22
40,2,289,3,15.49,2.00,17.49,05-01-22,06-14-22
40,2,194,3,22.49,4.50,26.99,05-01-22,06-14-22
40,2,310,3,0.00,0.00,0.00,05-26-22,06-14-22
40,2,310,3,0.00,20.00,20.00,05-01-22,05-25-22
40,2,55,3,22.99,3.00,25.99,03-01-22,06-14-22
44,2,188,3,26.49,1.00,27.49,04-01-21,11-30-21
45,2,61,3,22.49,5.30,27.79,06-01-22,06-14-22
45,2,61,32,22.49,5.30,27.79,06-01-22,06-14-22
45,2,188,3,26.49,3.00,29.49,06-01-22,06-14-22
45,2,207,3,37.99,3.00,40.99,06-01-22,06-14-22
45,2,261,3,26.25,4.00,30.25,06-01-22,06-14-22
45,2,262,3,24.75,3.00,27.75,06-01-22,06-14-22
45,2,301,3,15.00,5.00,20.00,06-01-22,06-14-22
45,2,304,3,15.00,5.00,20.00,06-01-22,06-14-22
45,2,305,3,15.00,5.00,20.00,06-01-22,06-14-22
45,2,306,3,15.00,5.00,20.00,06-01-22,06-14-22
45,2,308,3,0.00,20.00,20.00,06-01-22,06-14-22
45,2,309,3,15.00,5.00,20.00,06-01-22,06-14-22
45,2,136,3,24.00,4.00,28.00,06-01-22,06-14-22
45,2,126,3,24.00,4.00,28.00,06-01-22,06-14-22
45,2,18,3,20.79,6.00,26.79,06-01-22,06-14-22
45,2,188,32,26.49,3.00,29.49,06-01-22,06-14-22
45,2,265,3,16.25,4.00,20.25,06-01-22,06-14-22
45,2,274,3,40.00,4.00,44.00,06-01-22,06-14-22
45,2,285,3,28.99,2.00,30.99,06-01-22,06-14-22
45,2,286,3,24.49,3.00,27.49,06-01-22,06-14-22
45,2,180,3,20.99,4.00,24.99,06-01-22,06-14-22
45,2,180,32,20.99,4.00,24.99,06-01-22,06-14-22
45,2,207,32,37.99,3.00,40.99,06-01-22,06-14-22
45,2,228,3,24.00,5.75,29.75,06-01-22,06-14-22
45,2,229,3,22.00,6.25,28.25,06-01-22,06-14-22
45,2,194,3,22.49,5.00,27.49,06-01-22,06-14-22
45,2,310,3,0.00,0.00,0.00,06-01-22,06-14-22
45,2,251,3,28.25,3.00,31.25,06-01-22,06-14-22
46,2,310,3,0.00,20.00,20.00,05-25-22,05-25-22
46,2,61,3,22.49,6.80,29.29,05-25-22,06-14-22
46,2,61,32,22.49,6.80,29.29,05-26-22,06-14-22
46,2,188,3,26.49,4.50,30.99,05-25-22,06-14-22
46,2,207,3,37.99,4.50,42.49,05-25-22,06-14-22
46,2,261,3,26.25,5.50,31.75,05-25-22,06-14-22
46,2,262,3,24.75,4.50,29.25,05-25-22,06-14-22
46,2,301,3,15.00,5.00,20.00,05-25-22,06-14-22
46,2,304,3,15.00,5.00,20.00,05-25-22,06-14-22
46,2,305,3,15.00,5.00,20.00,05-25-22,06-14-22
46,2,306,3,15.00,5.00,20.00,05-25-22,06-14-22
46,2,308,3,0.00,20.00,20.00,05-25-22,06-14-22
46,2,309,3,15.00,5.00,20.00,05-25-22,06-14-22
46,2,136,3,24.00,5.00,29.00,05-25-22,06-14-22
46,2,126,3,24.00,5.00,29.00,05-25-22,06-14-22
46,2,18,3,20.79,7.00,27.79,05-25-22,06-14-22
46,2,251,3,28.25,4.00,32.25,05-25-22,06-14-22
46,2,180,3,20.99,4.00,24.99,05-25-22,06-14-22
46,2,285,3,28.99,2.00,30.99,05-25-22,06-14-22
46,2,286,3,24.49,4.50,28.99,05-25-22,06-14-22
46,2,228,3,24.00,7.25,31.25,05-25-22,06-14-22
46,2,229,3,22.00,6.75,28.75,05-25-22,06-14-22
46,2,310,3,0.00,0.00,0.00,05-26-22,06-14-22
46,2,18,32,20.79,7.00,27.79,05-25-22,06-14-22
50,2,228,3,26.75,3.00,29.75,03-13-22,05-08-22
50,2,229,3,24.25,3.00,27.25,03-13-22,05-08-22
50,2,285,3,27.99,2.00,29.99,03-13-22,03-22-22
50,2,286,3,23.49,2.00,25.49,03-13-22,03-22-22
50,2,307,3,15.00,0.00,15.00,03-13-22,06-01-22
50,2,61,3,23.79,2.20,25.99,03-13-22,05-11-22
50,2,61,3,22.49,3.50,25.99,05-12-22,06-14-22
50,2,188,3,26.49,1.00,27.49,03-13-22,06-14-22
50,2,207,3,37.99,2.00,39.99,03-13-22,06-14-22
50,2,261,3,26.25,2.50,28.75,03-13-22,06-14-22
50,2,262,3,24.75,2.00,26.75,03-13-22,06-14-22
50,2,301,3,15.00,0.00,15.00,03-13-22,06-14-22
50,2,304,3,15.00,0.00,15.00,03-13-22,06-14-22
50,2,305,3,15.00,0.00,15.00,03-13-22,06-14-22
50,2,306,3,15.00,0.00,15.00,03-13-22,06-14-22
50,2,308,3,0.00,15.00,15.00,03-13-22,06-14-22
50,2,309,3,15.00,0.00,15.00,03-13-22,06-14-22
50,2,136,3,24.00,2.00,26.00,03-13-22,06-14-22
50,2,126,3,24.00,2.00,26.00,03-13-22,06-14-22
50,2,18,3,20.79,4.00,24.79,03-13-22,06-14-22
50,2,192,3,24.49,2.00,26.49,03-13-22,06-14-22
50,2,285,3,28.99,2.00,30.99,03-23-22,06-14-22
50,2,286,3,24.49,2.00,26.49,03-23-22,06-14-22
50,2,228,3,24.00,5.75,29.75,05-09-22,06-14-22
50,2,229,3,22.00,5.25,27.25,05-09-22,06-14-22
50,2,194,3,22.49,2.00,24.49,03-13-22,06-14-22
50,2,310,3,0.00,0.00,0.00,05-26-22,06-14-22
50,2,310,3,0.00,15.00,15.00,05-01-22,05-25-22
52,2,228,3,26.75,3.00,29.75,03-10-22,05-08-22
52,2,229,3,24.25,3.00,27.25,03-10-22,05-08-22
52,2,285,3,27.99,2.00,29.99,03-10-22,03-22-22
52,2,286,3,23.49,2.00,25.49,03-10-22,03-22-22
52,2,307,3,15.00,0.00,15.00,03-10-22,06-01-22
52,2,61,3,23.79,2.20,25.99,03-10-22,05-11-22
52,2,61,3,22.49,3.50,25.99,05-12-22,06-14-22
52,2,188,3,26.49,1.00,27.49,03-10-22,06-14-22
52,2,207,3,37.99,2.00,39.99,03-10-22,06-14-22
52,2,261,3,26.25,2.50,28.75,03-10-22,06-14-22
52,2,262,3,24.75,2.00,26.75,03-10-22,06-14-22
52,2,301,3,15.00,0.00,15.00,03-10-22,06-14-22
52,2,304,3,15.00,0.00,15.00,03-10-22,06-14-22
52,2,305,3,15.00,5.00,20.00,03-10-22,06-14-22
52,2,306,3,15.00,0.00,15.00,03-10-22,06-14-22
52,2,308,3,0.00,15.00,15.00,03-10-22,06-14-22
52,2,309,3,15.00,0.00,15.00,03-10-22,06-14-22
52,2,136,3,24.00,2.00,26.00,03-10-22,06-14-22
52,2,126,3,24.00,2.00,26.00,03-10-22,06-14-22
52,2,18,3,20.79,4.00,24.79,03-10-22,06-14-22
52,2,285,3,28.99,2.00,30.99,03-23-22,06-14-22
52,2,286,3,24.49,2.00,26.49,03-23-22,06-14-22
52,2,228,3,24.00,5.75,29.75,05-09-22,06-14-22
52,2,229,3,22.00,5.25,27.25,05-09-22,06-14-22
52,2,310,3,0.00,0.00,0.00,05-26-22,06-14-22
52,2,310,3,0.00,15.00,15.00,05-01-22,05-25-22
53,2,252,3,26.25,0.75,27.00,04-01-21,06-14-21
53,2,262,3,25.50,1.25,26.75,04-01-21,06-14-21
53,2,55,3,22.99,1.50,24.49,04-01-21,06-30-21
53,2,188,3,26.49,0.00,26.49,04-01-21,06-30-21
53,2,251,3,28.25,1.25,29.50,04-01-21,06-30-21
53,2,193,3,23.99,2.00,25.99,04-01-21,06-30-21
53,2,167,3,15.25,0.00,15.25,04-01-21,06-30-21
53,2,170,3,0.00,0.00,0.00,04-01-21,06-30-21
53,2,259,3,-1.25,1.25,0.00,04-01-21,06-30-21
53,2,278,3,29.49,0.00,29.49,04-01-21,06-30-21
53,2,286,3,23.99,0.00,23.99,04-01-21,06-30-21
53,2,285,3,27.49,0.00,27.49,04-01-21,06-30-21
53,2,179,3,21.99,1.50,23.49,04-01-21,06-30-21
53,2,262,3,24.75,2.00,26.75,06-15-21,06-30-21
53,2,252,3,26.00,1.00,27.00,06-15-21,06-30-21
53,2,8,3,-0.15,0.15,0.00,08-02-21,01-19-22
53,2,7,3,-0.15,0.15,0.00,08-02-21,01-19-22
53,2,61,3,24.79,1.20,25.99,04-01-21,06-30-21
54,2,228,3,26.75,3.00,29.75,03-11-22,05-08-22
54,2,229,3,24.25,3.00,27.25,03-11-22,05-08-22
54,2,285,3,27.99,2.00,29.99,03-11-22,03-22-22
54,2,286,3,23.49,2.00,25.49,03-11-22,03-22-22
54,2,307,3,15.00,0.00,15.00,03-11-22,06-01-22
54,2,61,3,23.79,2.20,25.99,03-06-22,05-11-22
54,2,61,3,22.49,3.50,25.99,05-12-22,06-14-22
54,2,188,3,26.49,1.00,27.49,03-11-22,06-14-22
54,2,207,3,37.99,2.00,39.99,03-11-22,06-14-22
54,2,261,3,26.25,2.50,28.75,03-11-22,06-14-22
54,2,262,3,24.75,2.00,26.75,03-11-22,06-14-22
54,2,301,3,15.00,0.00,15.00,03-11-22,06-14-22
54,2,304,3,15.00,0.00,15.00,03-11-22,06-14-22
54,2,305,3,15.00,5.00,20.00,03-11-22,06-14-22
54,2,306,3,15.00,0.00,15.00,03-11-22,06-14-22
54,2,308,3,0.00,15.00,15.00,03-11-22,06-14-22
54,2,309,3,15.00,0.00,15.00,03-11-22,06-14-22
54,2,136,3,24.00,2.00,26.00,03-11-22,06-14-22
54,2,126,3,24.00,2.00,26.00,03-11-22,06-14-22
54,2,18,3,20.79,4.00,24.79,03-11-22,06-14-22
54,2,194,3,22.49,2.00,24.49,03-11-22,06-14-22
54,2,285,3,28.99,2.00,30.99,03-23-22,06-14-22
54,2,286,3,24.49,2.00,26.49,03-23-22,06-14-22
54,2,176,3,24.99,1.00,25.99,03-23-22,06-14-22
54,2,228,3,24.00,5.75,29.75,05-09-22,06-14-22
54,2,229,3,22.00,5.25,27.25,05-09-22,06-14-22
54,2,310,3,0.00,0.00,0.00,05-26-22,06-14-22
54,2,310,3,0.00,15.00,15.00,05-01-22,05-25-22
57,2,228,3,26.75,3.00,29.75,03-13-22,05-08-22
57,2,229,3,24.25,3.00,27.25,03-13-22,05-08-22
57,2,285,3,27.99,2.00,29.99,03-13-22,03-22-22
57,2,286,3,23.49,2.00,25.49,03-13-22,03-22-22
57,2,307,3,15.00,0.00,15.00,03-13-22,06-01-22
57,2,61,3,23.79,2.20,25.99,03-13-22,05-11-22
57,2,61,3,22.49,3.50,25.99,05-12-22,06-14-22
57,2,188,3,26.49,1.00,27.49,03-13-22,06-14-22
57,2,207,3,37.99,2.00,39.99,03-13-22,06-14-22
57,2,261,3,26.25,2.50,28.75,03-13-22,06-14-22
57,2,262,3,24.75,2.00,26.75,03-13-22,06-14-22
57,2,301,3,15.00,0.00,15.00,03-13-22,06-14-22
57,2,304,3,15.00,0.00,15.00,03-13-22,06-14-22
57,2,305,3,15.00,5.00,20.00,03-13-22,06-14-22
57,2,306,3,15.00,0.00,15.00,03-13-22,06-14-22
57,2,308,3,0.00,15.00,15.00,03-13-22,06-14-22
57,2,309,3,15.00,0.00,15.00,03-13-22,06-14-22
57,2,136,3,24.00,2.00,26.00,03-13-22,06-14-22
57,2,126,3,24.00,2.00,26.00,03-13-22,06-14-22
57,2,244,3,21.75,3.00,24.75,03-13-22,06-14-22
57,2,285,3,28.99,2.00,30.99,03-23-22,06-14-22
57,2,286,3,24.49,2.00,26.49,03-23-22,06-14-22
57,2,251,3,28.25,2.00,30.25,03-23-22,06-14-22
57,2,228,3,24.00,5.75,29.75,05-09-22,06-14-22
57,2,229,3,22.00,5.25,27.25,05-09-22,06-14-22
57,2,310,3,0.00,0.00,0.00,05-26-22,06-14-22
57,2,310,3,0.00,15.00,15.00,05-01-22,05-25-22
57,2,7,3,-0.25,0.25,0.00,05-26-22,06-14-22
59,2,228,3,26.75,3.00,29.75,03-13-22,05-08-22
59,2,229,3,24.25,3.00,27.25,03-13-22,05-08-22
59,2,285,3,27.99,2.00,29.99,03-13-22,03-22-22
59,2,286,3,23.49,2.00,25.49,03-13-22,03-22-22
59,2,307,3,15.00,0.00,15.00,03-13-22,06-01-22
59,2,61,3,23.79,2.20,25.99,03-13-22,05-11-22
59,2,61,3,22.49,3.50,25.99,05-12-22,06-14-22
59,2,188,3,26.49,1.00,27.49,03-13-22,06-14-22
59,2,207,3,37.99,2.00,39.99,03-13-22,06-14-22
59,2,261,3,26.25,2.50,28.75,03-13-22,06-14-22
59,2,262,3,24.75,2.00,26.75,03-13-22,06-14-22
59,2,301,3,15.00,0.00,15.00,03-13-22,06-14-22
59,2,304,3,15.00,0.00,15.00,03-13-22,06-14-22
59,2,305,3,15.00,0.00,15.00,03-13-22,06-14-22
59,2,306,3,15.00,0.00,15.00,03-13-22,06-14-22
59,2,308,3,0.00,15.00,15.00,03-13-22,06-14-22
59,2,309,3,15.00,0.00,15.00,03-13-22,06-14-22
59,2,136,3,24.00,2.00,26.00,03-13-22,06-14-22
59,2,126,3,24.00,2.00,26.00,03-13-22,06-14-22
59,2,18,3,20.79,4.00,24.79,03-13-22,06-14-22
59,2,285,3,28.99,2.00,30.99,03-23-22,06-14-22
59,2,286,3,24.49,2.00,26.49,03-23-22,06-14-22
59,2,228,3,24.00,5.75,29.75,05-09-22,06-14-22
59,2,229,3,22.00,5.25,27.25,05-09-22,06-14-22
59,2,310,3,0.00,0.00,0.00,05-26-22,06-14-22
59,2,310,3,0.00,15.00,15.00,05-01-22,05-25-22
60,2,278,3,29.49,0.00,29.49,04-01-21,08-02-21
60,2,286,3,23.99,1.00,24.99,04-01-21,08-02-21
60,2,285,3,27.49,0.00,27.49,04-01-21,08-02-21
60,2,279,3,24.99,1.00,25.99,04-01-21,08-02-21
60,2,278,3,29.99,0.00,29.99,08-03-21,10-13-21
60,2,279,3,24.99,0.00,24.99,08-03-21,10-13-21
60,2,285,3,28.49,1.00,29.49,08-03-21,10-13-21
60,2,286,3,24.99,0.00,24.99,08-03-21,10-13-21
60,2,31,3,18.29,1.20,19.49,04-01-21,01-31-22
60,2,42,3,20.29,1.20,21.49,04-01-21,01-31-22
60,2,55,3,22.99,1.50,24.49,04-01-21,01-31-22
60,2,188,3,26.49,0.00,26.49,04-01-21,01-31-22
60,2,194,3,22.49,1.00,23.49,10-01-21,01-31-22
60,2,278,3,28.99,0.00,28.99,10-14-21,01-31-22
60,2,5,3,23.49,0.00,23.49,10-14-21,01-31-22
60,2,285,3,27.99,0.00,27.99,10-14-21,01-31-22
60,2,286,3,23.49,0.00,23.49,10-14-21,01-31-22
60,2,261,3,27.75,0.25,28.00,11-01-21,01-31-22
60,2,262,3,24.75,1.00,25.75,11-01-21,01-31-22
60,2,284,3,27.99,0.00,27.99,01-01-22,01-31-22
60,2,278,3,28.99,2.00,30.99,02-01-22,02-17-22
60,2,279,3,23.49,2.00,25.49,02-01-22,02-17-22
60,2,285,3,27.99,2.00,29.99,02-01-22,02-17-22
60,2,286,3,23.49,2.00,25.49,02-01-22,02-17-22
60,2,284,3,27.99,2.00,29.99,02-01-22,02-17-22
60,2,31,3,18.29,2.00,20.29,02-01-22,03-12-22
60,2,42,3,20.29,2.00,22.29,02-01-22,03-12-22
60,2,55,3,22.99,2.00,24.99,02-01-22,03-12-22
60,2,188,3,26.49,2.00,28.49,02-01-22,03-12-22
60,2,194,3,22.49,2.00,24.49,02-01-22,03-12-22
60,2,261,3,27.75,2.00,29.75,02-01-22,03-12-22
60,2,262,3,24.75,2.00,26.75,02-01-22,03-12-22
60,2,278,3,28.99,2.00,30.99,02-18-22,03-12-22
60,2,279,3,23.49,2.00,25.49,02-18-22,03-12-22
60,2,285,3,27.99,2.00,29.99,02-18-22,03-12-22
60,2,286,3,23.49,2.00,25.49,02-18-22,03-12-22
60,2,284,3,27.99,2.00,29.99,02-18-22,03-12-22
60,2,228,3,26.75,3.00,29.75,03-13-22,05-08-22
60,2,229,3,24.25,3.00,27.25,03-13-22,05-08-22
60,2,285,3,27.99,2.00,29.99,03-13-22,03-22-22
60,2,286,3,23.49,2.00,25.49,03-13-22,03-22-22
60,2,307,3,15.00,0.00,15.00,03-13-22,06-01-22
60,2,61,3,24.79,1.20,25.99,04-01-21,01-31-22
60,2,61,3,24.79,2.20,26.99,02-01-22,03-12-22
60,2,61,3,23.79,2.20,25.99,03-13-22,05-11-22
60,2,61,3,22.49,3.50,25.99,05-12-22,06-14-22
60,2,188,3,26.49,1.00,27.49,03-13-22,06-14-22
60,2,207,3,37.99,2.00,39.99,03-13-22,06-14-22
60,2,261,3,26.25,2.50,28.75,03-13-22,06-14-22
60,2,262,3,24.75,2.00,26.75,03-13-22,06-14-22
60,2,301,3,15.00,0.00,15.00,03-13-22,06-14-22
60,2,304,3,15.00,0.00,15.00,03-13-22,06-14-22
60,2,305,3,15.00,5.00,20.00,03-13-22,06-14-22
60,2,306,3,15.00,0.00,15.00,03-13-22,06-14-22
60,2,308,3,0.00,15.00,15.00,03-13-22,06-14-22
60,2,309,3,15.00,0.00,15.00,03-13-22,06-14-22
60,2,136,3,24.00,2.00,26.00,03-13-22,06-14-22
60,2,126,3,24.00,2.00,26.00,03-13-22,06-14-22
60,2,18,3,20.79,4.00,24.79,03-13-22,06-14-22
60,2,285,3,28.99,2.00,30.99,03-23-22,06-14-22
60,2,286,3,24.49,2.00,26.49,03-23-22,06-14-22
60,2,228,3,24.00,5.75,29.75,05-09-22,06-14-22
60,2,229,3,22.00,5.25,27.25,05-09-22,06-14-22
60,2,310,3,0.00,0.00,0.00,05-26-22,06-14-22
60,2,287,3,19.49,2.00,21.49,05-01-22,06-14-22
60,2,291,3,22.49,2.00,24.49,05-01-22,06-14-22
60,2,310,3,0.00,15.00,15.00,05-01-22,05-25-22
60,2,188,32,27.99,3.00,30.99,06-14-22,06-14-22
60,2,192,3,24.49,2.00,26.49,05-01-22,06-14-22
63,2,15,3,24.29,0.00,24.29,11-01-21,01-31-22
63,2,42,3,20.29,2.00,22.29,11-01-21,03-12-22
63,2,55,3,22.29,2.00,24.29,11-01-21,03-12-22
63,2,15,3,24.29,2.00,26.29,02-01-22,03-12-22
63,2,228,3,26.75,3.00,29.75,03-13-22,05-08-22
63,2,229,3,24.25,3.00,27.25,03-13-22,05-08-22
63,2,285,3,27.99,2.00,29.99,03-13-22,03-22-22
63,2,286,3,23.49,2.00,25.49,03-13-22,03-22-22
63,2,307,3,15.00,0.00,15.00,03-13-22,06-01-22
63,2,61,3,24.79,2.20,26.99,11-01-21,03-12-22
63,2,61,3,23.79,2.20,25.99,03-13-22,05-11-22
63,2,61,32,23.79,2.20,25.99,02-20-22,05-11-22
63,2,61,3,22.49,3.50,25.99,05-12-22,06-14-22
63,2,61,32,22.49,3.50,25.99,05-12-22,06-14-22
63,2,188,3,26.49,1.00,27.49,03-13-22,06-14-22
63,2,207,3,37.99,2.00,39.99,03-13-22,06-14-22
63,2,261,3,26.25,2.50,28.75,03-13-22,06-14-22
63,2,262,3,24.75,2.00,26.75,03-13-22,06-14-22
63,2,301,3,15.00,0.00,15.00,03-13-22,06-14-22
63,2,304,3,15.00,0.00,15.00,03-13-22,06-14-22
63,2,305,3,15.00,5.00,20.00,03-13-22,06-14-22
63,2,306,3,15.00,0.00,15.00,03-13-22,06-14-22
63,2,308,3,0.00,15.00,15.00,03-13-22,06-14-22
63,2,309,3,15.00,0.00,15.00,03-13-22,06-14-22
63,2,136,3,24.00,2.00,26.00,03-13-22,06-14-22
63,2,126,3,24.00,2.00,26.00,03-13-22,06-14-22
63,2,18,3,20.79,4.00,24.79,03-13-22,06-14-22
63,2,18,32,20.79,4.00,24.79,03-13-22,06-14-22
63,2,207,32,37.99,2.00,39.99,03-13-22,06-14-22
63,2,285,3,28.99,2.00,30.99,03-23-22,06-14-22
63,2,286,3,24.49,2.00,26.49,03-23-22,06-14-22
63,2,228,3,24.00,5.75,29.75,05-09-22,06-14-22
63,2,229,3,22.00,5.25,27.25,05-09-22,06-14-22
63,2,310,3,0.00,0.00,0.00,05-26-22,06-14-22
63,2,310,3,0.00,15.00,15.00,05-01-22,05-25-22
64,2,61,3,22.49,3.50,25.99,05-01-22,06-14-22
68,2,228,3,26.75,3.00,29.75,03-01-22,05-08-22
68,2,229,3,24.25,3.00,27.25,03-01-22,05-08-22
68,2,285,3,27.99,2.00,29.99,03-01-22,03-22-22
68,2,286,3,23.49,2.00,25.49,03-01-22,03-22-22
68,2,307,3,15.00,0.00,15.00,03-01-22,06-01-22
68,2,61,3,23.79,2.20,25.99,03-01-22,05-11-22
68,2,61,3,22.49,3.50,25.99,05-12-22,06-14-22
68,2,188,3,26.49,1.00,27.49,03-01-22,06-14-22
68,2,207,3,37.99,2.00,39.99,03-01-22,06-14-22
68,2,261,3,26.25,2.50,28.75,03-01-22,06-14-22
68,2,262,3,24.75,2.00,26.75,03-01-22,06-14-22
68,2,301,3,15.00,0.00,15.00,03-01-22,06-14-22
68,2,304,3,15.00,0.00,15.00,03-01-22,06-14-22
68,2,305,3,15.00,5.00,20.00,03-01-22,06-14-22
68,2,306,3,15.00,0.00,15.00,03-01-22,06-14-22
68,2,308,3,0.00,15.00,15.00,03-01-22,06-14-22
68,2,309,3,15.00,0.00,15.00,03-01-22,06-14-22
68,2,136,3,24.00,2.00,26.00,03-01-22,06-14-22
68,2,126,3,24.00,2.00,26.00,03-01-22,06-14-22
68,2,18,3,20.79,4.00,24.79,03-13-22,06-14-22
68,2,194,3,22.49,2.00,24.49,03-13-22,06-14-22
68,2,285,3,28.99,2.00,30.99,03-23-22,06-14-22
68,2,286,3,24.49,2.00,26.49,03-23-22,06-14-22
68,2,228,3,24.00,5.75,29.75,05-09-22,06-14-22
68,2,229,3,22.00,5.25,27.25,05-09-22,06-14-22
68,2,310,3,0.00,0.00,0.00,05-26-22,06-14-22
68,2,310,3,0.00,15.00,15.00,05-01-22,05-25-22
70,2,61,3,23.79,2.20,25.99,03-13-22,05-11-22
70,2,61,3,22.49,3.50,25.99,05-12-22,06-14-22
71,2,285,3,27.49,2.00,29.49,04-01-21,08-02-21
71,2,286,3,23.99,2.00,25.99,04-01-21,08-02-21
71,2,285,3,28.49,2.25,30.74,08-03-21,10-13-21
71,2,286,3,24.99,1.25,26.24,08-03-21,10-13-21
71,2,285,3,27.99,1.25,29.24,10-14-21,02-17-22
71,2,286,3,23.49,1.25,24.74,10-14-21,02-17-22
71,2,278,3,28.99,1.20,30.19,11-01-21,02-17-22
71,2,297,3,31.00,1.20,32.20,11-01-21,02-17-22
71,2,180,3,20.99,1.25,22.24,08-03-21,03-12-22
71,2,285,3,27.99,3.25,31.24,02-18-22,03-12-22
71,2,286,3,23.49,3.25,26.74,02-18-22,03-12-22
71,2,278,3,28.99,3.25,32.24,02-18-22,03-12-22
71,2,297,3,31.00,3.25,34.25,02-18-22,03-12-22
71,2,228,3,26.75,3.00,29.75,03-13-22,05-08-22
71,2,229,3,24.25,3.00,27.25,03-13-22,05-08-22
71,2,285,3,27.99,2.00,29.99,03-13-22,03-22-22
71,2,286,3,23.49,2.00,25.49,03-13-22,03-22-22
71,2,307,3,15.00,0.00,15.00,03-13-22,06-01-22
71,2,61,3,24.79,1.25,26.04,08-03-21,03-12-22
71,2,61,3,23.79,2.20,25.99,03-13-22,05-11-22
71,2,61,3,22.49,3.50,25.99,05-12-22,06-14-22
71,2,61,32,22.49,3.50,25.99,05-12-22,06-14-22
71,2,61,32,23.79,2.20,25.99,03-13-22,05-11-22
71,2,188,3,26.49,1.00,27.49,03-13-22,06-14-22
71,2,207,3,37.99,2.00,39.99,03-13-22,06-14-22
71,2,261,3,26.25,2.50,28.75,03-13-22,06-14-22
71,2,262,3,24.75,2.00,26.75,03-13-22,06-14-22
71,2,301,3,15.00,0.00,15.00,03-13-22,06-14-22
71,2,304,3,15.00,0.00,15.00,03-13-22,06-14-22
71,2,305,3,15.00,5.00,20.00,03-13-22,06-14-22
71,2,306,3,15.00,0.00,15.00,03-13-22,06-14-22
71,2,308,3,0.00,15.00,15.00,03-13-22,06-14-22
71,2,309,3,15.00,0.00,15.00,03-13-22,06-14-22
71,2,136,3,24.00,2.00,26.00,03-13-22,06-14-22
71,2,126,3,24.00,2.00,26.00,03-13-22,06-14-22
71,2,18,3,20.79,4.00,24.79,03-13-22,06-14-22
71,2,285,3,28.99,2.00,30.99,03-23-22,06-14-22
71,2,286,3,24.49,2.00,26.49,03-23-22,06-14-22
71,2,228,3,24.00,5.75,29.75,05-09-22,06-14-22
71,2,229,3,22.00,5.25,27.25,05-09-22,06-14-22
71,2,310,3,0.00,0.00,0.00,05-26-22,06-14-22
71,2,278,3,29.99,2.00,31.99,05-01-22,06-14-22
71,2,310,3,0.00,15.00,15.00,05-01-22,05-25-22
73,2,61,32,22.49,3.50,25.99,05-01-22,06-14-22
73,2,61,3,22.49,3.50,25.99,05-12-22,06-14-22
73,2,61,3,23.79,2.20,25.99,03-13-22,05-11-22
73,2,8,3,-0.25,0.25,0.00,05-01-22,06-14-22
73,2,7,3,-0.25,0.25,0.00,05-01-22,06-14-22
73,2,188,3,26.49,1.00,27.49,05-01-22,06-14-22
73,2,207,3,37.99,2.00,39.99,05-01-22,06-14-22
73,2,261,3,26.25,2.50,28.75,05-01-22,06-14-22
73,2,261,32,26.25,2.50,28.75,05-01-22,06-14-22
73,2,262,3,24.75,2.00,26.75,05-01-22,06-14-22
73,2,301,3,15.00,0.00,15.00,05-01-22,06-14-22
73,2,304,3,15.00,0.00,15.00,05-01-22,06-14-22
73,2,305,3,15.00,0.00,15.00,05-01-22,06-14-22
73,2,306,3,15.00,0.00,15.00,05-01-22,06-14-22
73,2,308,3,0.00,15.00,15.00,05-01-22,06-14-22
73,2,309,3,15.00,0.00,15.00,05-01-22,06-14-22
73,2,136,3,24.00,2.00,26.00,05-01-22,06-14-22
73,2,126,3,24.00,2.00,26.00,05-01-22,06-14-22
73,2,18,3,20.79,4.00,24.79,05-01-22,06-14-22
73,2,274,3,40.00,2.00,42.00,05-01-22,06-14-22
73,2,170,3,0.00,0.00,0.00,05-01-22,06-14-22
73,2,252,3,26.00,2.00,28.00,05-01-22,06-14-22
73,2,285,3,28.99,2.00,30.99,05-01-22,06-14-22
73,2,286,3,24.49,2.00,26.49,05-01-22,06-14-22
73,2,228,3,24.00,5.75,29.75,05-01-22,06-14-22
73,2,229,3,22.00,5.25,27.25,05-01-22,06-14-22
73,2,262,32,24.75,2.00,26.75,05-01-22,06-14-22
73,2,287,3,19.49,2.00,21.49,05-01-22,06-14-22
73,2,272,32,27.25,2.00,29.25,05-01-22,06-14-22
73,2,310,3,0.00,0.00,0.00,05-01-22,06-14-22
73,2,31,3,18.29,2.00,20.29,05-01-22,06-14-22
73,2,244,3,23.00,2.75,25.75,05-01-22,06-14-22
73,2,42,3,20.29,2.00,22.29,05-01-22,06-14-22
73,2,251,3,28.25,2.00,30.25,05-01-22,06-14-22
73,2,2,3,29.25,2.00,31.25,05-01-22,06-14-22
73,2,272,3,27.25,2.00,29.25,05-01-22,06-14-22
74,2,228,3,26.75,3.00,29.75,03-13-22,05-08-22
74,2,229,3,24.25,3.00,27.25,03-13-22,05-08-22
74,2,285,3,27.99,2.00,29.99,03-13-22,03-22-22
74,2,286,3,23.49,2.00,25.49,03-13-22,03-22-22
74,2,307,3,15.00,0.00,15.00,03-13-22,06-01-22
74,2,61,3,24.79,2.20,26.99,01-01-22,03-12-22
74,2,61,3,23.79,2.20,25.99,03-13-22,05-11-22
74,2,61,3,22.49,3.50,25.99,05-12-22,06-14-22
74,2,188,3,26.49,1.00,27.49,03-13-22,06-14-22
74,2,207,3,37.99,2.00,39.99,03-13-22,06-14-22
74,2,261,3,26.25,2.50,28.75,03-13-22,06-14-22
74,2,262,3,24.75,2.00,26.75,03-13-22,06-14-22
74,2,301,3,15.00,0.00,15.00,03-13-22,06-14-22
74,2,304,3,15.00,0.00,15.00,03-13-22,06-14-22
74,2,305,3,15.00,5.00,20.00,03-13-22,06-14-22
74,2,306,3,15.00,0.00,15.00,03-13-22,06-14-22
74,2,308,3,0.00,15.00,15.00,03-13-22,06-14-22
74,2,309,3,15.00,0.00,15.00,03-13-22,06-14-22
74,2,136,3,24.00,2.00,26.00,03-13-22,06-14-22
74,2,126,3,24.00,2.00,26.00,03-13-22,06-14-22
74,2,18,3,20.79,4.00,24.79,03-13-22,06-14-22
74,2,285,3,28.99,2.00,30.99,03-23-22,06-14-22
74,2,286,3,24.49,2.00,26.49,03-23-22,06-14-22
74,2,228,3,24.00,5.75,29.75,05-09-22,06-14-22
74,2,229,3,22.00,5.25,27.25,05-09-22,06-14-22
74,2,310,3,0.00,0.00,0.00,05-26-22,06-14-22
74,2,310,3,0.00,15.00,15.00,05-01-22,05-25-22
75,2,188,3,26.49,1.00,27.49,04-01-21,11-01-21
75,2,194,3,22.49,1.00,23.49,04-01-21,11-01-21
75,2,176,3,24.99,1.00,25.99,08-01-21,11-01-21
75,2,55,3,22.99,2.00,24.99,09-01-21,01-02-22
75,2,234,3,6.25,2.50,8.75,10-01-21,01-02-22
75,2,229,3,24.25,2.50,26.75,11-01-21,01-02-22
75,2,176,3,24.99,2.00,26.99,11-02-21,01-02-22
75,2,188,3,26.49,2.00,28.49,11-02-21,01-02-22
75,2,194,3,22.49,2.00,24.49,11-02-21,01-02-22
75,2,235,3,6.25,2.00,8.25,11-01-21,03-12-22
75,2,180,3,20.99,2.00,22.99,12-01-21,03-12-22
75,2,207,3,37.99,2.00,39.99,01-01-22,03-12-22
75,2,55,3,22.99,2.00,24.99,01-03-22,04-15-22
75,2,176,3,24.99,1.00,25.99,01-03-22,03-12-22
75,2,188,3,26.49,1.00,27.49,01-03-22,03-12-22
75,2,194,3,22.49,1.00,23.49,01-03-22,03-12-22
75,2,234,3,6.25,2.00,8.25,01-03-22,03-12-22
75,2,229,3,24.25,2.00,26.25,01-03-22,03-12-22
75,2,7,3,-0.15,0.15,0.00,02-01-22,03-12-22
75,2,228,3,26.75,3.00,29.75,03-13-22,05-08-22
75,2,229,3,24.25,3.00,27.25,03-13-22,05-08-22
75,2,285,3,27.99,2.00,29.99,03-13-22,03-22-22
75,2,286,3,23.49,2.00,25.49,03-13-22,03-22-22
75,2,307,3,15.00,0.00,15.00,03-13-22,06-01-22
75,2,61,3,24.79,1.20,25.99,08-01-21,11-01-21
75,2,61,3,24.79,2.00,26.79,11-02-21,01-02-22
75,2,61,3,24.79,2.20,26.99,01-03-22,03-12-22
75,2,61,3,23.79,2.20,25.99,03-13-22,05-11-22
75,2,61,32,23.79,4.00,27.79,03-13-22,05-11-22
75,2,61,3,22.49,3.50,25.99,05-12-22,06-14-22
75,2,61,32,22.49,5.30,27.79,05-12-22,06-14-22
75,2,188,3,26.49,1.00,27.49,03-13-22,06-14-22
75,2,207,3,37.99,2.00,39.99,03-13-22,06-14-22
75,2,261,3,26.25,2.50,28.75,02-01-22,06-14-22
75,2,262,3,24.75,2.00,26.75,03-13-22,06-14-22
75,2,301,3,15.00,0.00,15.00,03-13-22,06-14-22
75,2,304,3,15.00,0.00,15.00,03-13-22,06-14-22
75,2,305,3,15.00,5.00,20.00,03-13-22,06-14-22
75,2,306,3,15.00,0.00,15.00,03-13-22,06-14-22
75,2,308,3,0.00,15.00,15.00,03-13-22,06-14-22
75,2,309,3,15.00,0.00,15.00,03-13-22,06-14-22
75,2,136,3,24.00,2.00,26.00,02-28-22,06-14-22
75,2,126,3,24.00,2.00,26.00,03-13-22,06-14-22
75,2,18,3,20.79,4.00,24.79,03-13-22,06-14-22
75,2,208,3,24.99,2.00,26.99,02-01-22,06-14-22
75,2,252,3,26.00,2.00,28.00,03-01-22,06-14-22
75,2,245,3,23.25,3.25,26.50,03-13-22,06-14-22
75,2,194,3,22.49,2.00,24.49,03-13-22,06-14-22
75,2,272,3,27.25,2.20,29.45,03-13-22,06-14-22
75,2,251,3,28.25,2.00,30.25,03-07-22,06-14-22
75,2,285,3,28.99,2.00,30.99,03-23-22,06-14-22
75,2,286,3,24.49,2.00,26.49,03-23-22,06-14-22
75,2,228,3,24.00,5.75,29.75,05-09-22,06-14-22
75,2,229,3,22.00,5.25,27.25,05-09-22,06-14-22
75,2,310,3,0.00,0.00,0.00,05-26-22,06-14-22
75,2,310,3,0.00,15.00,15.00,05-01-22,05-25-22
75,2,193,3,23.99,2.00,25.99,04-01-22,06-13-22
75,2,42,3,20.29,2.00,22.29,03-01-22,06-14-22
77,2,61,3,22.49,5.30,27.79,05-01-22,06-14-22
77,2,61,32,22.49,5.30,27.79,05-12-22,06-14-22
77,2,7,3,-0.25,0.25,0.00,05-01-22,06-14-22
77,2,8,3,-0.25,0.25,0.00,05-01-22,06-14-22
77,2,188,3,26.49,3.00,29.49,05-01-22,06-14-22
77,2,207,3,37.99,3.00,40.99,05-01-22,06-14-22
77,2,261,3,26.25,4.00,30.25,05-01-22,06-14-22
77,2,262,3,24.75,3.00,27.75,05-01-22,06-14-22
77,2,301,3,15.00,5.00,20.00,05-01-22,06-14-22
77,2,304,3,15.00,5.00,20.00,05-01-22,06-14-22
77,2,305,3,15.00,5.00,20.00,05-01-22,06-14-22
77,2,306,3,15.00,5.00,20.00,05-01-22,06-14-22
77,2,308,3,0.00,20.00,20.00,05-01-22,06-14-22
77,2,309,3,15.00,5.00,20.00,05-01-22,06-14-22
77,2,136,3,24.00,4.00,28.00,05-01-22,06-14-22
77,2,126,3,24.00,4.00,28.00,05-01-22,06-14-22
77,2,18,3,20.79,6.00,26.79,05-01-22,06-14-22
77,2,18,32,20.79,6.00,26.79,05-01-22,06-14-22
77,2,180,3,20.99,4.00,24.99,05-01-22,06-14-22
77,2,287,3,19.49,2.00,21.49,05-01-22,06-14-22
77,2,291,3,22.49,2.00,24.49,05-01-22,06-14-22
77,2,285,3,28.99,2.00,30.99,05-01-22,06-14-22
77,2,286,3,24.49,2.00,26.49,05-01-22,06-14-22
77,2,228,3,24.00,5.75,29.75,05-01-22,06-14-22
77,2,229,3,22.00,6.25,28.25,05-01-22,06-14-22
77,2,289,3,15.49,2.00,17.49,05-01-22,06-14-22
77,2,188,32,26.49,3.00,29.49,05-01-22,06-14-22
77,2,310,3,0.00,0.00,0.00,05-26-22,06-14-22
77,2,229,32,22.00,6.50,28.50,05-01-22,06-14-22
77,2,194,32,22.49,5.00,27.49,05-01-22,06-14-22
77,2,310,3,0.00,20.00,20.00,05-01-22,05-25-22
77,2,192,32,24.49,0.00,24.49,05-01-22,06-14-22
77,2,228,32,24.00,5.75,29.75,05-01-22,06-14-22
82,2,262,3,25.50,1.25,26.75,04-01-21,06-14-21
82,2,278,3,29.49,1.00,30.49,07-01-21,08-02-21
82,2,286,3,23.99,1.00,24.99,07-01-21,08-02-21
82,2,285,3,27.49,1.00,28.49,07-01-21,08-02-21
82,2,278,3,29.99,1.00,30.99,08-03-21,10-13-21
82,2,285,3,28.49,2.00,30.49,08-03-21,10-13-21
82,2,286,3,24.99,1.00,25.99,08-03-21,10-13-21
82,2,8,3,-0.15,0.15,0.00,08-02-21,01-19-22
82,2,7,3,-0.15,0.15,0.00,08-02-21,01-19-22
82,2,278,3,28.99,1.00,29.99,10-14-21,02-17-22
82,2,285,3,27.99,1.00,28.99,10-14-21,02-17-22
82,2,286,3,23.49,1.00,24.49,10-14-21,02-17-22
82,2,298,3,18.99,1.00,19.99,11-01-21,02-17-22
82,2,55,3,22.99,1.50,24.49,04-01-21,03-12-22
82,2,179,3,21.99,1.50,23.49,04-01-21,03-12-22
82,2,251,3,28.25,1.25,29.50,04-01-21,03-12-22
82,2,188,3,26.49,0.00,26.49,04-01-21,03-12-22
82,2,193,3,23.99,2.00,25.99,04-01-21,03-12-22
82,2,252,3,26.00,0.75,26.75,06-15-21,03-12-22
82,2,262,3,24.75,2.00,26.75,06-15-21,03-12-22
82,2,237,3,18.50,1.25,19.75,07-01-21,03-12-22
82,2,259,3,-1.25,1.25,0.00,07-01-21,03-12-22
82,2,194,3,22.49,0.00,22.49,07-01-21,03-12-22
82,2,304,3,15.00,0.00,15.00,08-01-21,03-12-22
82,2,305,3,10.00,0.00,10.00,08-01-21,03-12-22
82,2,306,3,15.00,0.00,15.00,08-01-21,03-12-22
82,2,261,3,27.75,0.25,28.00,09-01-21,03-12-22
82,2,301,3,15.00,0.00,15.00,09-01-21,03-12-22
82,2,15,3,24.29,2.00,26.29,09-01-21,03-12-22
82,2,234,3,6.25,2.50,8.75,11-01-21,03-12-22
82,2,229,3,24.25,2.50,26.75,11-01-21,03-12-22
82,2,228,3,26.75,1.00,27.75,11-01-21,03-12-22
82,2,308,3,0.00,15.00,15.00,11-01-21,03-12-22
82,2,307,3,0.00,15.00,15.00,11-01-21,03-12-22
82,2,278,3,28.99,2.00,30.99,02-18-22,03-12-22
82,2,285,3,27.99,2.00,29.99,02-18-22,03-12-22
82,2,286,3,23.49,2.00,25.49,02-18-22,03-12-22
82,2,298,3,18.99,2.00,20.99,02-18-22,03-12-22
82,2,302,3,0.00,0.00,0.00,09-01-21,12-31-22
82,2,309,3,0.00,15.00,15.00,10-01-21,12-31-22
82,2,61,3,24.79,1.20,25.99,04-01-21,03-12-22
82,2,310,3,0.00,0.00,0.00,05-26-22,06-14-22
82,2,310,3,0.00,0.00,0.00,05-01-22,05-25-22
82,2,84,3,24.29,4.00,28.29,01-01-21,12-31-21
83,2,286,3,23.49,1.00,24.49,01-01-22,02-17-22
83,2,55,3,22.99,2.00,24.99,01-01-22,03-12-22
83,2,188,3,26.49,0.00,26.49,01-01-22,03-12-22
83,2,229,3,24.25,2.50,26.75,01-01-22,03-12-22
83,2,251,3,28.25,1.25,29.50,01-01-22,03-12-22
83,2,252,3,26.00,1.00,27.00,01-01-22,03-12-22
83,2,244,3,21.75,1.75,23.50,01-01-22,03-12-22
83,2,307,3,0.00,15.00,15.00,01-01-22,03-12-22
83,2,306,3,15.00,0.00,15.00,01-01-22,03-12-22
83,2,309,3,0.00,10.00,10.00,01-01-22,03-12-22
83,2,285,3,27.99,2.00,29.99,01-01-22,03-12-22
83,2,308,3,0.00,15.00,15.00,01-01-22,03-12-22
83,2,305,3,10.00,5.00,15.00,01-01-22,03-12-22
83,2,286,3,23.49,2.00,25.49,02-18-22,03-12-22
83,2,228,3,26.75,3.00,29.75,01-23-22,05-08-22
83,2,229,3,24.25,3.00,27.25,03-13-22,05-08-22
83,2,285,3,27.99,2.00,29.99,03-13-22,03-22-22
83,2,286,3,23.49,2.00,25.49,03-13-22,03-22-22
83,2,307,3,0.00,15.00,15.00,03-13-22,06-01-22
83,2,61,3,24.79,1.20,25.99,01-01-22,03-12-22
83,2,61,3,23.79,2.20,25.99,03-13-22,05-11-22
83,2,61,32,23.79,2.20,25.99,03-23-22,05-11-22
83,2,61,3,22.49,3.50,25.99,05-12-22,06-14-22
83,2,61,32,22.49,3.50,25.99,05-12-22,06-14-22
83,2,8,3,-0.25,0.25,0.00,01-01-22,06-14-22
83,2,7,3,-0.25,0.25,0.00,01-01-22,06-14-22
83,2,188,3,26.49,1.00,27.49,03-13-22,06-14-22
83,2,207,3,37.99,2.00,39.99,03-13-22,06-14-22
83,2,261,3,26.25,2.50,28.75,03-13-22,06-14-22
83,2,261,32,26.25,2.50,28.75,05-01-22,06-14-22
83,2,262,3,24.75,2.00,26.75,03-13-22,06-14-22
83,2,301,3,15.00,0.00,15.00,01-01-22,06-14-22
83,2,304,3,15.00,0.00,15.00,01-01-22,06-14-22
83,2,305,3,10.00,5.00,15.00,03-13-22,06-14-22
83,2,306,3,15.00,0.00,15.00,03-13-22,06-14-22
83,2,308,3,0.00,15.00,15.00,03-13-22,06-14-22
83,2,309,3,15.00,0.00,15.00,03-13-22,06-14-22
83,2,136,3,24.00,2.00,26.00,03-13-22,06-14-22
83,2,126,3,24.00,2.00,26.00,03-13-22,06-14-22
83,2,18,3,20.79,4.00,24.79,03-13-22,06-14-22
83,2,274,3,40.00,2.00,42.00,03-13-22,06-14-22
83,2,170,3,0.00,0.00,0.00,03-13-22,06-14-22
83,2,252,3,26.00,2.00,28.00,03-13-22,06-14-22
83,2,285,3,28.99,2.00,30.99,03-23-22,06-14-22
83,2,286,3,24.49,2.00,26.49,03-23-22,06-14-22
83,2,228,3,24.00,5.75,29.75,05-09-22,06-14-22
83,2,229,3,22.00,5.25,27.25,05-09-22,06-14-22
83,2,262,32,24.75,2.00,26.75,03-13-22,06-14-22
83,2,287,3,19.49,2.00,21.49,05-01-22,06-14-22
83,2,272,32,27.25,2.00,29.25,05-01-22,06-14-22
83,2,310,3,0.00,0.00,0.00,05-26-22,06-14-22
83,2,31,3,18.29,2.00,20.29,04-01-22,06-14-22
83,2,244,3,21.75,2.75,24.50,04-01-22,06-14-22
83,2,42,3,20.29,2.00,22.29,02-01-22,06-14-22
83,2,251,3,28.25,2.00,30.25,05-01-22,06-14-22
83,2,3,3,29.25,2.00,31.25,03-13-22,06-14-22
83,2,272,3,27.25,2.00,29.25,03-29-22,06-14-22
83,2,310,3,0.00,0.00,0.00,05-01-22,05-25-22
83,2,311,3,10.00,5.00,15.00,04-15-22,06-14-22
83,2,236,3,15.25,3.25,18.50,05-01-22,06-14-22
83,2,55,3,22.99,2.00,24.99,03-13-22,06-14-22
88,2,61,32,22.49,3.40,25.89,06-01-22,06-14-22
88,2,61,3,22.49,3.40,25.89,06-01-22,06-14-22
88,2,188,32,26.49,3.00,29.49,06-01-22,06-14-22
88,2,180,32,20.99,4.00,24.99,06-01-22,06-14-22
88,2,207,32,37.99,3.00,40.99,06-01-22,06-14-22
88,2,286,32,24.99,2.00,26.99,05-01-22,06-14-22
90,2,228,3,26.75,3.00,29.75,03-13-22,05-08-22
90,2,229,3,24.25,3.00,27.25,03-13-22,05-08-22
90,2,285,3,27.99,2.00,29.99,03-13-22,03-22-22
90,2,286,3,23.49,2.00,25.49,03-13-22,03-22-22
90,2,307,3,15.00,0.00,15.00,03-13-22,06-01-22
90,2,61,3,24.79,2.00,26.79,02-01-22,03-12-22
90,2,61,3,23.79,2.20,25.99,03-13-22,05-11-22
90,2,61,3,22.49,3.50,25.99,05-12-22,06-14-22
90,2,188,3,26.49,1.00,27.49,03-13-22,06-14-22
90,2,207,3,37.99,2.00,39.99,03-13-22,06-14-22
90,2,261,3,26.25,2.50,28.75,03-13-22,06-14-22
90,2,262,3,24.75,2.00,26.75,03-13-22,06-14-22
90,2,301,3,15.00,0.00,15.00,03-13-22,06-14-22
90,2,304,3,15.00,0.00,15.00,03-13-22,06-14-22
90,2,305,3,15.00,5.00,20.00,03-13-22,06-14-22
90,2,306,3,15.00,0.00,15.00,03-13-22,06-14-22
90,2,308,3,0.00,15.00,15.00,03-13-22,06-14-22
90,2,309,3,15.00,0.00,15.00,03-13-22,06-14-22
90,2,136,3,24.00,2.00,26.00,03-13-22,06-14-22
90,2,126,3,24.00,2.00,26.00,03-13-22,06-14-22
90,2,18,3,20.79,4.00,24.79,03-13-22,06-14-22
90,2,285,3,28.99,2.00,30.99,03-23-22,06-14-22
90,2,286,3,24.49,2.00,26.49,03-23-22,06-14-22
90,2,228,3,24.00,5.75,29.75,05-09-22,06-14-22
90,2,229,3,22.00,5.25,27.25,05-09-22,06-14-22
90,2,278,3,29.99,2.00,31.99,05-01-22,06-14-22
90,2,310,3,0.00,0.00,0.00,05-26-22,06-14-22
90,2,310,3,0.00,15.00,15.00,05-01-22,05-25-22
91,2,286,3,23.49,2.00,25.49,02-01-22,03-12-22
91,2,228,3,26.75,3.00,29.75,03-13-22,05-08-22
91,2,229,3,24.25,3.00,27.25,03-13-22,05-08-22
91,2,285,3,27.99,2.00,29.99,03-13-22,03-22-22
91,2,286,3,23.49,2.00,25.49,03-13-22,03-22-22
91,2,307,3,15.00,0.00,15.00,03-13-22,06-01-22
91,2,61,3,24.79,1.20,25.99,02-01-22,03-12-22
91,2,61,3,23.79,2.20,25.99,03-13-22,05-11-22
91,2,61,3,22.49,3.50,25.99,05-12-22,06-14-22
91,2,188,3,26.49,1.00,27.49,03-13-22,06-14-22
91,2,207,3,37.99,2.00,39.99,03-13-22,06-14-22
91,2,261,3,26.25,2.50,28.75,03-13-22,06-14-22
91,2,262,3,24.75,2.00,26.75,03-13-22,06-14-22
91,2,301,3,15.00,0.00,15.00,03-13-22,06-14-22
91,2,304,3,15.00,0.00,15.00,03-13-22,06-14-22
91,2,305,3,15.00,5.00,20.00,03-13-22,06-14-22
91,2,306,3,15.00,0.00,15.00,03-13-22,06-14-22
91,2,308,3,0.00,15.00,15.00,03-13-22,06-14-22
91,2,309,3,15.00,0.00,15.00,03-13-22,06-14-22
91,2,136,3,24.00,2.00,26.00,03-13-22,06-14-22
91,2,126,3,24.00,2.00,26.00,03-13-22,06-14-22
91,2,18,3,20.79,4.00,24.79,03-13-22,06-14-22
91,2,285,3,28.99,2.00,30.99,03-23-22,06-14-22
91,2,286,3,24.49,2.00,26.49,03-23-22,06-14-22
91,2,228,3,24.00,5.75,29.75,05-09-22,06-14-22
91,2,229,3,22.00,5.25,27.25,05-09-22,06-14-22
91,2,310,3,0.00,0.00,0.00,05-26-22,06-14-22
91,2,310,3,0.00,15.00,15.00,05-01-22,05-25-22
92,2,188,3,26.49,3.50,29.99,01-01-22,03-12-22
92,2,285,3,27.99,3.50,31.49,01-01-22,03-12-22
92,2,286,3,23.49,4.00,27.49,01-01-22,03-12-22
92,2,228,3,26.75,4.50,31.25,03-13-22,05-08-22
92,2,229,3,24.25,4.50,28.75,03-13-22,05-08-22
92,2,285,3,27.99,2.00,29.99,03-13-22,03-22-22
92,2,286,3,23.49,4.50,27.99,03-13-22,03-22-22
92,2,307,3,15.00,5.00,20.00,03-13-22,06-01-22
92,2,61,3,24.79,3.70,28.49,01-01-22,03-12-22
92,2,61,3,23.79,5.50,29.29,03-13-22,05-11-22
92,2,61,3,22.49,6.80,29.29,05-12-22,06-14-22
92,2,188,3,26.49,4.50,30.99,03-13-22,06-14-22
92,2,207,3,37.99,4.50,42.49,03-13-22,06-14-22
92,2,261,3,26.25,5.50,31.75,03-13-22,06-14-22
92,2,262,3,24.75,4.50,29.25,03-13-22,06-14-22
92,2,301,3,15.00,5.00,20.00,03-13-22,06-14-22
92,2,304,3,15.00,5.00,20.00,03-13-22,06-14-22
92,2,305,3,15.00,5.00,20.00,03-13-22,06-14-22
92,2,306,3,15.00,5.00,20.00,03-13-22,06-14-22
92,2,308,3,0.00,20.00,20.00,03-13-22,06-14-22
92,2,309,3,15.00,5.00,20.00,03-13-22,06-14-22
92,2,136,3,24.00,5.00,29.00,03-13-22,06-14-22
92,2,126,3,24.00,5.00,29.00,03-13-22,06-14-22
92,2,18,3,20.79,7.00,27.79,03-13-22,06-14-22
92,2,251,3,28.25,4.00,32.25,03-07-22,06-14-22
92,2,180,3,20.99,4.00,24.99,03-13-22,06-14-22
92,2,285,3,28.99,2.00,30.99,03-23-22,06-14-22
92,2,286,3,24.49,4.50,28.99,03-23-22,06-14-22
92,2,228,3,24.00,7.25,31.25,05-09-22,06-14-22
92,2,229,3,22.00,6.75,28.75,05-09-22,06-14-22
92,2,310,3,0.00,0.00,0.00,05-26-22,06-14-22
92,2,310,3,0.00,20.00,20.00,05-01-22,05-25-22
95,2,194,3,22.49,2.00,24.49,09-01-21,03-12-22
96,2,228,3,26.75,3.00,29.75,03-13-22,05-08-22
96,2,229,3,24.25,3.00,27.25,03-13-22,05-08-22
96,2,285,3,27.99,2.00,29.99,03-13-22,03-22-22
96,2,286,3,23.49,2.00,25.49,03-13-22,03-22-22
96,2,307,3,15.00,0.00,15.00,03-13-22,06-01-22
96,2,61,3,24.79,1.20,25.99,11-01-21,03-12-22
96,2,61,3,23.79,2.20,25.99,03-13-22,05-11-22
96,2,61,3,22.49,3.50,25.99,05-12-22,06-14-22
96,2,188,3,26.49,1.00,27.49,03-13-22,06-14-22
96,2,207,3,37.99,2.00,39.99,03-13-22,06-14-22
96,2,261,3,26.25,2.50,28.75,03-13-22,06-14-22
96,2,262,3,24.75,2.00,26.75,03-13-22,06-14-22
96,2,301,3,15.00,0.00,15.00,03-13-22,06-14-22
96,2,304,3,15.00,0.00,15.00,03-13-22,06-14-22
96,2,305,3,15.00,5.00,20.00,03-13-22,06-14-22
96,2,306,3,15.00,0.00,15.00,03-13-22,06-14-22
96,2,308,3,0.00,15.00,15.00,03-13-22,06-14-22
96,2,309,3,15.00,0.00,15.00,03-13-22,06-14-22
96,2,136,3,24.00,2.00,26.00,03-13-22,06-14-22
96,2,126,3,24.00,2.00,26.00,03-13-22,06-14-22
96,2,18,3,20.79,4.00,24.79,03-13-22,06-14-22
96,2,285,3,28.99,2.00,30.99,03-23-22,06-14-22
96,2,286,3,24.49,2.00,26.49,03-23-22,06-14-22
96,2,228,3,24.00,5.75,29.75,05-09-22,06-14-22
96,2,229,3,22.00,5.25,27.25,05-09-22,06-14-22
96,2,310,3,0.00,0.00,0.00,05-26-22,06-14-22
96,2,310,3,0.00,15.00,15.00,05-01-22,05-25-22
97,2,228,3,26.75,3.00,29.75,03-13-22,05-08-22
97,2,229,3,24.25,3.00,27.25,03-13-22,05-08-22
97,2,285,3,27.99,2.00,29.99,03-13-22,03-22-22
97,2,286,3,23.49,2.00,25.49,03-13-22,03-22-22
97,2,307,3,15.00,0.00,15.00,03-13-22,06-01-22
97,2,61,3,23.79,2.20,25.99,03-13-22,05-11-22
97,2,61,3,22.49,3.50,25.99,05-12-22,06-14-22
97,2,188,3,26.49,1.00,27.49,03-13-22,06-14-22
97,2,207,3,37.99,2.00,39.99,03-13-22,06-14-22
97,2,261,3,26.25,2.50,28.75,03-13-22,06-14-22
97,2,262,3,24.75,2.00,26.75,03-13-22,06-14-22
97,2,301,3,15.00,0.00,15.00,03-13-22,06-14-22
97,2,304,3,15.00,0.00,15.00,03-13-22,06-14-22
97,2,305,3,15.00,5.00,20.00,03-13-22,06-14-22
97,2,306,3,15.00,0.00,15.00,03-13-22,06-14-22
97,2,308,3,0.00,15.00,15.00,03-13-22,06-14-22
97,2,310,3,0.00,15.00,15.00,05-01-22,05-25-22
97,2,309,3,15.00,0.00,15.00,03-13-22,06-14-22
97,2,136,3,24.00,2.00,26.00,03-13-22,06-14-22
97,2,126,3,24.00,2.00,26.00,03-13-22,06-14-22
97,2,18,3,20.79,4.00,24.79,03-13-22,06-14-22
97,2,285,3,28.99,2.00,30.99,03-23-22,06-14-22
97,2,286,3,24.49,2.00,26.49,03-23-22,06-14-22
97,2,228,3,24.00,5.75,29.75,05-09-22,06-14-22
97,2,229,3,22.00,5.25,27.25,05-09-22,06-14-22
97,2,310,3,0.00,0.00,0.00,05-26-22,06-14-22
100,10,188,10,0.00,0.00,0.00,11-08-21,11-10-21
100,2,188,3,26.49,1.00,27.49,09-01-21,03-12-22
100,2,229,3,24.25,2.00,26.25,10-01-21,03-12-22
100,2,262,3,24.75,1.50,26.25,10-01-21,03-12-22
100,2,178,3,22.99,1.75,24.74,01-01-22,03-12-22
100,2,228,3,26.75,3.00,29.75,03-06-22,05-08-22
100,2,229,3,24.25,3.00,27.25,03-13-22,05-08-22
100,2,285,3,27.99,2.00,29.99,03-13-22,03-22-22
100,2,286,3,23.49,2.00,25.49,03-13-22,03-22-22
100,2,307,3,15.00,0.00,15.00,03-13-22,06-01-22
100,2,61,3,24.79,1.20,25.99,04-01-21,03-12-22
100,2,61,32,24.79,1.20,25.99,02-01-22,03-12-22
100,2,61,3,23.79,2.20,25.99,03-13-22,05-11-22
100,2,61,32,23.79,2.20,25.99,03-13-22,05-11-22
100,2,61,3,22.49,3.50,25.99,05-12-22,06-14-22
100,2,61,32,22.49,3.50,25.99,05-12-22,06-14-22
100,2,310,3,0.00,15.00,15.00,05-01-22,05-25-22
100,2,188,3,26.49,1.00,27.49,03-13-22,06-14-22
100,2,207,3,37.99,2.00,39.99,03-13-22,06-14-22
100,2,261,3,26.25,2.50,28.75,03-13-22,06-14-22
100,2,262,3,24.75,2.00,26.75,03-13-22,06-14-22
100,2,301,3,15.00,0.00,15.00,03-13-22,06-14-22
100,2,304,3,15.00,0.00,15.00,03-13-22,06-14-22
100,2,305,3,15.00,5.00,20.00,03-13-22,06-14-22
100,2,306,3,15.00,0.00,15.00,03-13-22,06-14-22
100,2,308,3,0.00,15.00,15.00,03-13-22,06-14-22
100,2,309,3,15.00,0.00,15.00,03-13-22,06-14-22
100,2,136,3,24.00,2.00,26.00,03-13-22,06-14-22
100,2,126,3,24.00,2.00,26.00,03-13-22,06-14-22
100,2,18,3,20.79,4.00,24.79,03-13-22,06-14-22
100,2,285,3,28.99,2.00,30.99,03-23-22,06-14-22
100,2,286,3,24.49,2.00,26.49,03-23-22,06-14-22
100,2,228,3,24.00,5.75,29.75,05-09-22,06-14-22
100,2,229,3,22.00,5.25,27.25,05-09-22,06-14-22
100,2,310,3,0.00,0.00,0.00,05-26-22,06-14-22
100,2,31,3,18.29,2.00,20.29,03-01-22,06-14-22
100,2,42,3,20.29,2.00,22.29,03-13-22,06-14-22
100,2,188,32,26.49,1.00,27.49,03-01-22,06-14-22
101,2,252,3,26.25,1.00,27.25,04-01-21,06-14-21
101,2,194,3,22.49,1.00,23.49,04-01-21,11-30-21
101,2,252,3,26.00,1.00,27.00,06-15-21,11-30-21
103,2,252,3,26.25,2.00,28.25,04-01-21,06-14-21
103,2,262,3,25.50,1.00,26.50,04-01-21,06-14-21
103,2,170,3,0.00,0.00,0.00,04-01-21,06-30-21
103,2,176,3,24.99,0.00,24.99,04-01-21,06-30-21
103,2,285,3,27.49,1.00,28.49,04-01-21,08-02-21
103,2,286,3,23.99,1.00,24.99,04-01-21,08-02-21
103,2,285,3,29.49,1.00,30.49,08-03-21,10-13-21
103,2,286,3,24.99,1.00,25.99,08-03-21,10-13-21
103,2,194,3,22.49,2.00,24.49,02-23-21,11-30-21
103,2,188,3,26.49,2.00,28.49,04-01-21,11-30-21
103,2,180,3,20.99,2.00,22.99,04-01-21,11-30-21
103,2,251,3,28.25,1.25,29.50,04-01-21,11-30-21
103,2,252,3,26.00,2.25,28.25,06-15-21,11-30-21
103,2,262,3,25.50,1.00,26.50,06-15-21,11-30-21
103,2,193,3,23.99,2.50,26.49,09-01-21,11-30-21
103,2,285,3,27.99,2.00,29.99,10-14-21,11-30-21
103,2,286,3,23.49,2.00,25.49,10-14-21,11-30-21
103,2,8,3,-0.15,0.15,0.00,08-02-21,01-19-22
103,2,7,3,-0.15,0.15,0.00,08-02-21,01-19-22
103,2,61,3,22.49,6.00,28.49,06-01-22,06-15-22
104,2,262,3,25.50,1.25,26.75,04-01-21,06-14-21
104,2,192,3,24.49,0.00,24.49,04-01-21,06-30-21
104,2,8,3,-0.1,0.1,0.00,05-05-21,07-31-21
104,2,285,3,27.49,1.00,28.49,04-01-21,08-02-21
104,2,285,3,29.49,1.00,30.49,08-03-21,10-13-21
104,2,286,3,24.99,1.00,25.99,08-03-21,10-13-21
104,2,262,3,24.75,2.00,26.75,06-15-21,11-30-21
104,2,285,3,27.99,1.00,28.99,10-14-21,11-30-21
104,2,286,3,23.49,1.00,24.49,10-14-21,11-30-21
104,2,8,3,-0.15,0.15,0.00,08-02-21,01-19-22
104,2,7,3,-0.15,0.15,0.00,08-02-21,01-19-22
105,2,61,3,22.49,5.30,27.79,06-01-22,06-14-22
105,2,61,32,22.49,5.30,27.79,06-01-22,06-14-22
105,2,188,3,26.49,3.00,29.49,06-01-22,06-14-22
105,2,207,3,37.99,3.00,40.99,06-01-22,06-14-22
105,2,261,3,26.25,4.00,30.25,06-01-22,06-14-22
105,2,262,3,24.75,3.00,27.75,06-01-22,06-14-22
105,2,301,3,15.00,5.00,20.00,06-01-22,06-14-22
105,2,304,3,15.00,5.00,20.00,06-01-22,06-14-22
105,2,305,3,15.00,5.00,20.00,06-01-22,06-14-22
105,2,306,3,15.00,5.00,20.00,06-01-22,06-14-22
105,2,308,3,0.00,20.00,20.00,06-01-22,06-14-22
105,2,309,3,15.00,5.00,20.00,06-01-22,06-14-22
105,2,136,3,24.00,4.00,28.00,06-01-22,06-14-22
105,2,126,3,24.00,4.00,28.00,06-01-22,06-14-22
105,2,18,3,20.79,6.00,26.79,06-01-22,06-14-22
105,2,188,32,26.49,3.00,29.49,06-01-22,06-14-22
105,2,265,3,16.25,4.00,20.25,06-01-22,06-14-22
105,2,274,3,40.00,4.00,44.00,06-01-22,06-14-22
105,2,285,3,28.99,2.00,30.99,06-01-22,06-14-22
105,2,286,3,24.49,3.00,27.49,06-01-22,06-14-22
105,2,180,3,20.99,4.00,24.99,06-01-22,06-14-22
105,2,180,32,20.99,4.00,24.99,06-01-22,06-14-22
105,2,207,32,37.99,3.00,40.99,06-01-22,06-14-22
105,2,228,3,24.00,5.75,29.75,06-01-22,06-14-22
105,2,229,3,22.00,6.25,28.25,06-01-22,06-14-22
105,2,194,3,22.49,5.00,27.49,06-01-22,06-14-22
105,2,310,3,0.00,0.00,0.00,06-01-22,06-14-22
106,2,228,3,26.75,3.00,29.75,03-13-22,05-08-22
106,2,229,3,24.25,3.00,27.25,03-13-22,05-08-22
106,2,285,3,27.99,2.00,29.99,03-13-22,03-22-22
106,2,286,3,23.49,2.00,25.49,03-13-22,03-22-22
106,2,307,3,15.00,0.00,15.00,03-13-22,06-01-22
106,2,61,3,23.79,2.20,25.99,03-13-22,05-11-22
106,2,61,3,22.49,3.50,25.99,05-12-22,06-14-22
106,2,310,3,0.00,15.00,15.00,05-01-22,05-25-22
106,2,188,3,26.49,1.00,27.49,03-13-22,06-14-22
106,2,207,3,37.99,2.00,39.99,03-13-22,06-14-22
106,2,261,3,26.25,2.50,28.75,03-13-22,06-14-22
106,2,262,3,24.75,2.00,26.75,03-13-22,06-14-22
106,2,301,3,15.00,0.00,15.00,03-13-22,06-14-22
106,2,304,3,15.00,0.00,15.00,03-13-22,06-14-22
106,2,305,3,15.00,5.00,20.00,03-13-22,06-14-22
106,2,306,3,15.00,0.00,15.00,03-13-22,06-14-22
106,2,308,3,0.00,15.00,15.00,03-13-22,06-14-22
106,2,309,3,15.00,0.00,15.00,03-13-22,06-14-22
106,2,136,3,24.00,2.00,26.00,03-13-22,06-14-22
106,2,126,3,24.00,2.00,26.00,03-13-22,06-14-22
106,2,18,3,20.79,4.00,24.79,03-13-22,06-14-22
106,2,285,3,28.99,2.00,30.99,03-23-22,06-14-22
106,2,286,3,24.49,2.00,26.49,03-23-22,06-14-22
106,2,228,3,24.00,5.75,29.75,05-09-22,06-14-22
106,2,229,3,22.00,5.25,27.25,05-09-22,06-14-22
106,2,310,3,0.00,0.00,0.00,05-26-22,06-14-22
107,2,228,3,26.75,3.00,29.75,03-13-22,05-08-22
107,2,229,3,24.25,3.00,27.25,03-13-22,05-08-22
107,2,285,3,27.99,2.00,29.99,03-13-22,03-22-22
107,2,286,3,23.49,2.00,25.49,03-13-22,03-22-22
107,2,307,3,15.00,0.00,15.00,03-13-22,06-01-22
107,2,61,3,23.79,2.20,25.99,03-13-22,05-11-22
107,2,61,3,22.49,3.50,25.99,05-12-22,06-14-22
107,2,310,3,0.00,15.00,15.00,05-01-22,05-25-22
107,2,188,3,26.49,1.00,27.49,03-13-22,06-14-22
107,2,207,3,37.99,2.00,39.99,03-13-22,06-14-22
107,2,261,3,26.25,2.50,28.75,03-13-22,06-14-22
107,2,262,3,24.75,2.00,26.75,03-13-22,06-14-22
107,2,301,3,15.00,0.00,15.00,03-13-22,06-14-22
107,2,304,3,15.00,0.00,15.00,03-13-22,06-14-22
107,2,305,3,15.00,0.00,15.00,03-13-22,06-14-22
107,2,306,3,15.00,0.00,15.00,03-13-22,06-14-22
107,2,308,3,0.00,15.00,15.00,03-13-22,06-14-22
107,2,309,3,15.00,0.00,15.00,03-13-22,06-14-22
107,2,136,3,24.00,2.00,26.00,03-13-22,06-14-22
107,2,126,3,24.00,2.00,26.00,03-13-22,06-14-22
107,2,18,3,20.79,4.00,24.79,03-13-22,06-14-22
107,2,285,3,28.99,2.00,30.99,03-23-22,06-14-22
107,2,286,3,24.49,2.00,26.49,03-23-22,06-14-22
107,2,228,3,24.00,5.75,29.75,05-09-22,06-14-22
107,2,229,3,22.00,5.25,27.25,05-09-22,06-14-22
107,2,310,3,0.00,0.00,0.00,05-26-22,06-14-22
108,2,228,3,26.75,3.00,29.75,03-01-22,05-08-22
108,2,229,3,24.25,3.00,27.25,03-01-22,05-08-22
108,2,285,3,27.99,2.00,29.99,03-01-22,03-22-22
108,2,286,3,23.49,2.00,25.49,03-01-22,03-22-22
108,2,307,3,15.00,0.00,15.00,03-01-22,06-01-22
108,2,61,3,24.79,1.20,25.99,03-01-22,03-12-22
108,2,61,3,23.79,2.20,25.99,03-13-22,05-11-22
108,2,61,3,22.49,3.50,25.99,05-12-22,06-14-22
108,2,310,3,0.00,15.00,15.00,05-01-22,05-25-22
108,2,188,3,26.49,1.00,27.49,03-01-22,06-14-22
108,2,207,3,37.99,2.00,39.99,03-01-22,06-14-22
108,2,261,3,26.25,2.50,28.75,03-01-22,06-14-22
108,2,262,3,24.75,2.00,26.75,03-01-22,06-14-22
108,2,301,3,15.00,0.00,15.00,03-01-22,06-14-22
108,2,304,3,15.00,0.00,15.00,03-01-22,06-14-22
108,2,305,3,15.00,5.00,20.00,03-01-22,06-14-22
108,2,306,3,15.00,0.00,15.00,03-01-22,06-14-22
108,2,308,3,0.00,15.00,15.00,03-01-22,06-14-22
108,2,309,3,15.00,0.00,15.00,03-01-22,06-14-22
108,2,136,3,24.00,2.00,26.00,03-01-22,06-14-22
108,2,126,3,24.00,2.00,26.00,03-01-22,06-14-22
108,2,18,3,20.79,4.00,24.79,03-13-22,06-14-22
108,2,285,3,28.99,2.00,30.99,03-23-22,06-14-22
108,2,286,3,24.49,2.00,26.49,03-23-22,06-14-22
108,2,228,3,24.00,5.75,29.75,05-09-22,06-14-22
108,2,229,3,22.00,5.25,27.25,05-09-22,06-14-22
108,2,310,3,0.00,0.00,0.00,05-26-22,06-14-22
110,2,228,3,26.75,3.00,29.75,03-13-22,05-08-22
110,2,229,3,24.25,3.00,27.25,03-13-22,05-08-22
110,2,285,3,27.99,2.00,29.99,03-13-22,03-22-22
110,2,286,3,23.49,2.00,25.49,03-13-22,03-22-22
110,2,307,3,15.00,0.00,15.00,03-13-22,06-01-22
110,2,310,3,0.00,15.00,15.00,05-01-22,05-25-22
110,2,61,3,23.79,2.20,25.99,03-13-22,05-11-22
110,2,61,3,22.49,3.50,25.99,05-12-22,06-14-22
110,2,188,3,26.49,1.00,27.49,03-13-22,06-14-22
110,2,207,3,37.99,2.00,39.99,03-13-22,06-14-22
110,2,261,3,26.25,2.50,28.75,03-13-22,06-14-22
110,2,262,3,24.75,2.00,26.75,03-13-22,06-14-22
110,2,301,3,15.00,0.00,15.00,03-13-22,06-14-22
110,2,304,3,15.00,0.00,15.00,03-13-22,06-14-22
110,2,305,3,15.00,5.00,20.00,03-13-22,06-14-22
110,2,306,3,15.00,0.00,15.00,03-13-22,06-14-22
110,2,308,3,0.00,15.00,15.00,03-13-22,06-14-22
110,2,309,3,15.00,0.00,15.00,03-13-22,06-14-22
110,2,136,3,24.00,2.00,26.00,03-13-22,06-14-22
110,2,126,3,24.00,2.00,26.00,03-13-22,06-14-22
110,2,18,3,20.79,4.00,24.79,03-13-22,06-14-22
110,2,285,3,28.99,2.00,30.99,03-23-22,06-14-22
110,2,286,3,24.49,2.00,26.49,03-23-22,06-14-22
110,2,228,3,24.00,5.75,29.75,05-09-22,06-14-22
110,2,229,3,22.00,5.25,27.25,05-09-22,06-14-22
110,2,310,3,0.00,0.00,0.00,05-26-22,06-14-22
111,2,228,3,26.75,3.00,29.75,03-13-22,05-08-22
111,2,229,3,24.25,3.00,27.25,03-13-22,05-08-22
111,2,285,3,27.99,2.00,29.99,03-13-22,03-22-22
111,2,286,3,23.49,2.00,25.49,03-13-22,03-22-22
111,2,307,3,15.00,0.00,15.00,03-13-22,06-01-22
111,2,310,3,0.00,15.00,15.00,05-01-22,05-25-22
111,2,61,3,23.79,2.20,25.99,03-13-22,05-11-22
111,2,61,3,22.49,3.50,25.99,05-12-22,06-14-22
111,2,188,3,26.49,1.00,27.49,03-13-22,06-14-22
111,2,207,3,37.99,2.00,39.99,03-13-22,06-14-22
111,2,261,3,26.25,2.50,28.75,03-13-22,06-14-22
111,2,262,3,24.75,2.00,26.75,03-13-22,06-14-22
111,2,301,3,15.00,0.00,15.00,03-13-22,06-14-22
111,2,304,3,15.00,0.00,15.00,03-13-22,06-14-22
111,2,305,3,15.00,5.00,20.00,03-13-22,06-14-22
111,2,306,3,15.00,0.00,15.00,03-13-22,06-14-22
111,2,308,3,0.00,15.00,15.00,03-13-22,06-14-22
111,2,309,3,15.00,0.00,15.00,03-13-22,06-14-22
111,2,136,3,24.00,2.00,26.00,03-13-22,06-14-22
111,2,126,3,24.00,2.00,26.00,03-13-22,06-14-22
111,2,18,3,20.79,4.00,24.79,03-13-22,06-14-22
111,2,285,3,28.99,2.00,30.99,03-23-22,06-14-22
111,2,286,3,24.49,2.00,26.49,03-23-22,06-14-22
111,2,228,3,24.00,5.75,29.75,05-09-22,06-14-22
111,2,229,3,22.00,5.25,27.25,05-09-22,06-14-22
111,2,310,3,0.00,0.00,0.00,05-26-22,06-14-22
114,2,262,3,25.50,1.00,26.50,04-01-21,06-14-21
114,2,188,3,26.49,2.00,28.49,04-01-21,03-12-22
114,2,262,3,24.75,1.75,26.50,06-15-21,03-12-22
115,2,228,3,26.75,3.00,29.75,03-13-22,05-08-22
115,2,229,3,24.25,3.00,27.25,03-13-22,05-08-22
115,2,285,3,27.99,2.00,29.99,03-13-22,03-22-22
115,2,286,3,23.49,2.00,25.49,03-13-22,03-22-22
115,2,307,3,15.00,0.00,15.00,03-13-22,06-01-22
115,2,302,3,0.00,15.00,15.00,03-13-22,06-01-22
115,2,310,3,0.00,15.00,15.00,05-01-22,05-25-22
115,2,61,3,23.79,2.20,25.99,03-12-22,05-11-22
115,2,61,3,22.49,3.50,25.99,05-12-22,06-14-22
115,2,188,3,26.49,1.00,27.49,03-13-22,06-14-22
115,2,207,3,37.99,2.00,39.99,03-13-22,06-14-22
115,2,261,3,26.25,2.50,28.75,03-13-22,06-14-22
115,2,262,3,24.75,2.00,26.75,03-13-22,06-14-22
115,2,301,3,15.00,0.00,15.00,03-13-22,06-14-22
115,2,304,3,15.00,0.00,15.00,03-13-22,06-14-22
115,2,305,3,15.00,5.00,20.00,03-13-22,06-14-22
115,2,306,3,15.00,0.00,15.00,03-13-22,06-14-22
115,2,308,3,0.00,15.00,15.00,03-13-22,06-14-22
115,2,309,3,15.00,0.00,15.00,03-13-22,06-14-22
115,2,136,3,24.00,2.00,26.00,03-13-22,06-14-22
115,2,126,3,24.00,2.00,26.00,03-13-22,06-14-22
115,2,18,3,20.79,4.00,24.79,03-13-22,06-14-22
115,2,285,3,28.99,2.00,30.99,03-23-22,06-14-22
115,2,286,3,24.49,2.00,26.49,03-23-22,06-14-22
115,2,228,3,24.00,5.75,29.75,05-09-22,06-14-22
115,2,229,3,22.00,5.25,27.25,05-09-22,06-14-22
115,2,310,3,0.00,0.00,0.00,05-26-22,06-14-22
119,2,252,3,26.25,0.00,26.25,04-01-21,06-14-21
119,2,285,3,27.49,0.00,27.49,04-01-21,08-02-21
119,2,286,3,23.99,1.00,24.99,04-01-21,08-02-21
119,2,285,3,29.49,0.00,29.49,08-03-21,10-13-21
119,2,286,3,24.99,0.00,24.99,08-03-21,10-13-21
119,2,7,3,-0.15,0.15,0.00,08-02-21,01-19-22
131,2,61,3,22.49,5.30,27.79,06-01-22,06-14-22
131,2,61,32,22.49,5.30,27.79,06-01-22,06-14-22
131,2,188,3,26.49,3.00,29.49,06-01-22,06-14-22
131,2,207,3,37.99,3.00,40.99,06-01-22,06-14-22
131,2,261,3,26.25,4.00,30.25,06-01-22,06-14-22
131,2,262,3,24.75,3.00,27.75,06-01-22,06-14-22
131,2,301,3,15.00,5.00,20.00,06-01-22,06-14-22
131,2,304,3,15.00,5.00,20.00,06-01-22,06-14-22
131,2,305,3,15.00,5.00,20.00,06-01-22,06-14-22
131,2,306,3,15.00,5.00,20.00,06-01-22,06-14-22
131,2,308,3,0.00,20.00,20.00,06-01-22,06-14-22
131,2,309,3,15.00,5.00,20.00,06-01-22,06-14-22
131,2,136,3,24.00,4.00,28.00,06-01-22,06-14-22
131,2,126,3,24.00,4.00,28.00,06-01-22,06-14-22
131,2,18,3,20.79,6.00,26.79,06-01-22,06-14-22
131,2,188,32,26.49,3.00,29.49,06-01-22,06-14-22
131,2,265,3,16.25,4.00,20.25,06-01-22,06-14-22
131,2,274,3,40.00,4.00,44.00,06-01-22,06-14-22
131,2,285,3,28.99,2.00,30.99,06-01-22,06-14-22
131,2,286,3,24.49,3.00,27.49,06-01-22,06-14-22
131,2,180,3,20.99,4.00,24.99,06-01-22,06-14-22
131,2,180,32,20.99,4.00,24.99,06-01-22,06-14-22
131,2,207,32,37.99,3.00,40.99,06-01-22,06-14-22
131,2,228,3,24.00,5.75,29.75,06-01-22,06-14-22
131,2,229,3,22.00,6.25,28.25,06-01-22,06-14-22
131,2,194,3,22.49,5.00,27.49,06-01-22,06-14-22
131,2,310,3,0.00,0.00,0.00,06-01-22,06-14-22
132,2,228,3,26.75,3.00,29.75,03-13-22,05-08-22
132,2,229,3,24.25,3.00,27.25,03-13-22,05-08-22
132,2,285,3,27.99,2.00,29.99,03-13-22,03-22-22
132,2,286,3,23.49,2.00,25.49,03-13-22,03-22-22
132,2,188,3,26.49,1.00,27.49,03-13-22,05-24-22
132,2,207,3,37.99,2.00,39.99,03-13-22,05-24-22
132,2,261,3,26.25,2.50,28.75,03-13-22,05-24-22
132,2,262,3,24.75,2.00,26.75,03-13-22,05-24-22
132,2,301,3,15.00,0.00,15.00,03-13-22,05-24-22
132,2,304,3,15.00,0.00,15.00,03-13-22,05-24-22
132,2,305,3,15.00,0.00,15.00,03-13-22,05-24-22
132,2,306,3,15.00,0.00,15.00,03-13-22,05-24-22
132,2,307,3,15.00,0.00,15.00,03-13-22,06-01-22
132,2,308,3,0.00,15.00,15.00,03-13-22,05-24-22
132,2,309,3,15.00,0.00,15.00,03-13-22,05-24-22
132,2,136,3,24.00,2.00,26.00,03-13-22,05-24-22
132,2,126,3,24.00,2.00,26.00,03-13-22,05-24-22
132,2,18,3,20.79,4.00,24.79,03-13-22,05-24-22
132,2,285,3,28.99,2.00,30.99,03-23-22,05-24-22
132,2,286,3,24.49,2.00,26.49,03-23-22,05-24-22
132,2,228,3,24.00,5.75,29.75,05-09-22,05-24-22
132,2,229,3,22.00,5.25,27.25,05-09-22,05-24-22
132,2,310,3,15.00,0.00,15.00,05-01-22,05-24-22
132,2,310,3,0.00,20.00,20.00,05-25-22,05-25-22
132,2,61,3,23.79,2.20,25.99,03-13-22,05-11-22
132,2,61,3,22.49,3.50,25.99,05-12-22,05-24-22
132,2,61,3,22.49,5.30,27.79,05-25-22,06-14-22
132,2,61,32,22.49,5.30,27.79,05-25-22,06-14-22
132,2,188,3,26.49,3.00,29.49,05-25-22,06-14-22
132,2,207,3,37.99,3.00,40.99,05-25-22,06-14-22
132,2,261,3,26.25,4.00,30.25,05-25-22,06-14-22
132,2,262,3,24.75,3.00,27.75,05-25-22,06-14-22
132,2,301,3,15.00,5.00,20.00,05-25-22,06-14-22
132,2,304,3,15.00,5.00,20.00,05-25-22,06-14-22
132,2,305,3,15.00,5.00,20.00,05-25-22,06-14-22
132,2,306,3,15.00,5.00,20.00,05-25-22,06-14-22
132,2,308,3,0.00,20.00,20.00,05-25-22,06-14-22
132,2,309,3,15.00,5.00,20.00,05-25-22,06-14-22
132,2,136,3,24.00,4.00,28.00,05-25-22,06-14-22
132,2,126,3,24.00,4.00,28.00,05-25-22,06-14-22
132,2,18,3,20.79,6.00,26.79,05-25-22,06-14-22
132,2,188,32,26.49,3.00,29.49,05-25-22,06-14-22
132,2,265,3,16.25,4.00,20.25,05-25-22,06-14-22
132,2,274,3,40.00,4.00,44.00,05-25-22,06-14-22
132,2,285,3,28.99,2.00,30.99,05-25-22,06-14-22
132,2,286,3,24.49,3.00,27.49,05-25-22,06-14-22
132,2,180,3,20.99,4.00,24.99,05-25-22,06-14-22
132,2,180,32,20.99,4.00,24.99,05-25-22,06-14-22
132,2,207,32,37.99,3.00,40.99,05-25-22,06-14-22
132,2,228,3,24.00,5.75,29.75,05-25-22,06-14-22
132,2,229,3,22.00,6.25,28.25,05-25-22,06-14-22
132,2,194,3,22.49,5.00,27.49,05-25-22,06-14-22
132,2,310,3,0.00,0.00,0.00,05-26-22,06-14-22
139,2,228,3,26.75,3.00,29.75,03-01-22,05-08-22
139,2,229,3,24.25,3.00,27.25,03-01-22,05-08-22
139,2,285,3,27.99,2.00,29.99,03-01-22,03-22-22
139,2,286,3,23.49,2.00,25.49,03-01-22,03-22-22
139,2,307,3,15.00,0.00,15.00,03-01-22,06-01-22
139,2,310,3,0.00,15.00,15.00,05-01-22,05-25-22
139,2,61,3,23.79,2.20,25.99,03-01-22,05-11-22
139,2,61,3,22.49,3.50,25.99,05-12-22,06-14-22
139,2,188,3,26.49,1.00,27.49,03-01-22,06-14-22
139,2,207,3,37.99,2.00,39.99,03-01-22,06-14-22
139,2,261,3,26.25,2.50,28.75,03-01-22,06-14-22
139,2,262,3,24.75,2.00,26.75,03-01-22,06-14-22
139,2,301,3,15.00,0.00,15.00,03-01-22,06-14-22
139,2,304,3,15.00,0.00,15.00,03-01-22,06-14-22
139,2,305,3,15.00,5.00,20.00,03-01-22,06-14-22
139,2,306,3,15.00,0.00,15.00,03-01-22,06-14-22
139,2,308,3,0.00,15.00,15.00,03-01-22,06-14-22
139,2,309,3,15.00,0.00,15.00,03-01-22,06-14-22
139,2,136,3,24.00,2.00,26.00,03-01-22,06-14-22
139,2,126,3,24.00,2.00,26.00,03-01-22,06-14-22
139,2,18,3,20.79,4.00,24.79,03-13-22,06-14-22
139,2,230,3,14.00,2.00,16.00,03-13-22,06-14-22
139,2,285,3,28.99,2.00,30.99,03-23-22,06-14-22
139,2,286,3,24.49,2.00,26.49,03-23-22,06-14-22
139,2,228,3,24.00,5.75,29.75,05-09-22,06-14-22
139,2,229,3,22.00,5.25,27.25,05-09-22,06-14-22
139,2,310,3,0.00,0.00,0.00,05-26-22,06-14-22
139,2,55,3,22.99,3.00,25.99,05-01-22,06-14-22
140,2,228,3,26.75,3.00,29.75,03-01-22,05-08-22
140,2,229,3,24.25,3.00,27.25,03-01-22,05-08-22
140,2,285,3,27.99,2.00,29.99,03-01-22,03-22-22
140,2,286,3,23.49,2.00,25.49,03-01-22,03-22-22
140,2,188,3,26.49,1.00,27.49,03-01-22,05-24-22
140,2,207,3,37.99,2.00,39.99,03-01-22,05-24-22
140,2,261,3,26.25,2.50,28.75,03-01-22,05-24-22
140,2,262,3,24.75,2.00,26.75,03-01-22,05-24-22
140,2,301,3,15.00,0.00,15.00,03-01-22,05-24-22
140,2,304,3,15.00,0.00,15.00,03-01-22,05-24-22
140,2,305,3,15.00,5.00,20.00,03-01-22,05-24-22
140,2,306,3,15.00,0.00,15.00,03-01-22,05-24-22
140,2,307,3,15.00,0.00,15.00,03-01-22,06-01-22
140,2,308,3,0.00,15.00,15.00,03-01-22,05-24-22
140,2,309,3,15.00,0.00,15.00,03-01-22,05-24-22
140,2,136,3,24.00,2.00,26.00,03-01-22,05-24-22
140,2,126,3,24.00,2.00,26.00,03-01-22,05-24-22
140,2,18,3,20.79,4.00,24.79,03-13-22,05-24-22
140,2,230,3,14.00,2.00,16.00,03-13-22,05-24-22
140,2,285,3,28.99,2.00,30.99,03-23-22,05-24-22
140,2,286,3,24.49,2.00,26.49,03-23-22,05-24-22
140,2,228,3,24.00,5.75,29.75,05-09-22,05-24-22
140,2,229,3,22.00,5.25,27.25,05-09-22,05-24-22
140,2,167,3,15.25,2.00,17.25,03-13-22,05-24-22
140,2,310,3,15.00,0.00,15.00,05-01-22,05-24-22
140,2,310,3,0.00,20.00,20.00,05-25-22,05-25-22
140,2,61,3,23.79,2.20,25.99,03-01-22,05-11-22
140,2,188,3,26.49,4.50,30.99,05-25-22,06-14-22
140,2,207,3,37.99,4.50,42.49,05-25-22,06-14-22
140,2,261,3,26.25,5.50,31.75,05-25-22,06-14-22
140,2,262,3,24.75,4.50,29.25,05-25-22,06-14-22
140,2,301,3,15.00,5.00,20.00,05-25-22,06-14-22
140,2,304,3,15.00,5.00,20.00,05-25-22,06-14-22
140,2,305,3,15.00,5.00,20.00,05-25-22,06-14-22
140,2,306,3,15.00,5.00,20.00,05-25-22,06-14-22
140,2,308,3,0.00,20.00,20.00,05-25-22,06-14-22
140,2,309,3,15.00,5.00,20.00,05-25-22,06-14-22
140,2,136,3,24.00,5.00,29.00,05-25-22,06-14-22
140,2,126,3,24.00,5.00,29.00,05-25-22,06-14-22
140,2,18,3,20.79,7.00,27.79,05-25-22,06-14-22
140,2,251,3,28.25,4.00,32.25,05-25-22,06-14-22
140,2,180,3,20.99,4.00,24.99,05-25-22,06-14-22
140,2,285,3,28.99,2.00,30.99,05-25-22,06-14-22
140,2,286,3,24.49,4.50,28.99,05-25-22,06-14-22
140,2,228,3,24.00,7.25,31.25,05-25-22,06-14-22
140,2,229,3,22.00,6.75,28.75,05-25-22,06-14-22
140,2,61,3,22.49,3.50,25.99,05-12-22,05-24-22
140,2,310,3,0.00,0.00,0.00,05-26-22,06-14-22
140,2,167,3,15.25,5.00,20.25,05-25-22,06-14-22
140,2,61,3,22.49,6.80,29.29,05-25-22,06-14-22
140,2,194,3,22.49,4.50,26.99,06-01-22,06-14-22
141,2,265,3,13.75,2.25,16.00,12-01-21,03-12-22
141,2,228,3,26.75,3.00,29.75,03-13-22,05-08-22
141,2,229,3,24.25,3.00,27.25,03-13-22,05-08-22
141,2,285,3,27.99,2.00,29.99,03-13-22,03-22-22
141,2,286,3,23.49,2.00,25.49,03-13-22,03-22-22
141,2,307,3,15.00,0.00,15.00,03-13-22,06-01-22
141,2,310,3,0.00,15.00,15.00,05-01-22,05-25-22
141,2,188,3,26.49,1.00,27.49,03-13-22,06-14-22
141,2,207,3,37.99,2.00,39.99,03-13-22,06-14-22
141,2,261,3,26.25,2.50,28.75,03-13-22,06-14-22
141,2,262,3,24.75,2.00,26.75,03-13-22,06-14-22
141,2,301,3,15.00,0.00,15.00,03-13-22,06-14-22
141,2,304,3,15.00,0.00,15.00,03-13-22,06-14-22
141,2,305,3,15.00,5.00,20.00,03-13-22,06-14-22
141,2,306,3,15.00,0.00,15.00,03-13-22,06-14-22
141,2,308,3,0.00,15.00,15.00,03-13-22,06-14-22
141,2,309,3,15.00,0.00,15.00,03-13-22,06-14-22
141,2,136,3,24.00,2.00,26.00,03-13-22,06-14-22
141,2,126,3,24.00,2.00,26.00,03-13-22,06-14-22
141,2,18,3,20.79,4.00,24.79,03-13-22,06-14-22
141,2,285,3,28.99,2.00,30.99,03-23-22,06-14-22
141,2,286,3,24.49,2.00,26.49,03-23-22,06-14-22
141,2,228,3,24.00,5.75,29.75,05-09-22,06-14-22
141,2,229,3,22.00,5.25,27.25,05-09-22,06-14-22
141,2,276,3,29.25,2.00,31.25,03-13-22,06-14-22
141,2,310,3,0.00,0.00,0.00,05-26-22,06-14-22
141,2,61,3,24.79,2.00,26.79,09-01-21,03-12-22
141,2,61,3,23.79,2.20,25.99,03-13-22,05-11-22
141,2,61,32,22.49,3.50,25.99,04-01-22,05-11-22
141,2,61,3,22.49,3.50,25.99,05-12-22,06-14-22
141,2,61,32,22.49,3.50,25.99,05-12-22,06-14-22
141,2,274,3,40.00,2.00,42.00,03-13-22,06-14-22
142,2,252,3,26.25,1.00,27.25,04-01-21,06-14-21
142,2,285,3,27.49,1.00,28.49,04-01-21,08-02-21
142,2,286,3,23.99,1.00,24.99,04-01-21,08-02-21
142,2,285,3,29.49,1.00,30.49,08-03-21,10-13-21
142,2,286,3,24.99,1.00,25.99,08-03-21,10-13-21
142,2,305,3,10.00,5.00,15.00,09-01-21,11-01-21
142,2,285,3,27.99,1.00,28.99,10-14-21,02-17-22
142,2,286,3,23.49,1.00,24.49,10-14-21,02-17-22
142,2,31,3,18.29,1.20,19.49,04-01-21,03-12-22
142,2,42,3,20.29,1.20,21.49,04-01-21,03-12-22
142,2,55,3,22.99,1.50,24.49,04-01-21,03-12-22
142,2,188,3,26.49,1.50,27.99,04-01-21,03-12-22
142,2,193,3,23.99,1.00,24.99,04-01-21,03-12-22
142,2,194,3,22.49,1.00,23.49,04-01-21,03-12-22
142,2,252,3,26.00,1.00,27.00,06-15-21,03-12-22
142,2,176,3,24.99,1.00,25.99,08-28-21,03-12-22
142,2,304,3,15.00,0.00,15.00,09-01-21,03-12-22
142,2,244,3,21.75,2.25,24.00,09-01-21,03-12-22
142,2,229,3,24.25,1.00,25.25,11-01-21,03-12-22
142,2,305,3,10.00,10.00,20.00,11-02-21,03-12-22
142,2,207,3,37.99,1.00,38.99,12-01-21,03-12-22
142,2,180,3,20.99,1.00,21.99,01-01-22,03-12-22
142,2,228,3,26.75,2.00,28.75,01-01-22,03-12-22
142,2,285,3,27.99,2.00,29.99,02-18-22,03-12-22
142,2,286,3,23.49,2.00,25.49,02-18-22,03-12-22
142,2,228,3,26.75,3.00,29.75,03-13-22,05-08-22
142,2,229,3,24.25,3.00,27.25,03-13-22,05-08-22
142,2,285,3,27.99,2.00,29.99,03-13-22,03-22-22
142,2,286,3,23.49,2.00,25.49,03-13-22,03-22-22
142,2,188,3,26.49,1.00,27.49,03-13-22,05-31-22
142,2,207,3,37.99,2.00,39.99,03-13-22,05-31-22
142,2,261,3,26.25,2.50,28.75,03-13-22,05-31-22
142,2,262,3,24.75,2.00,26.75,03-13-22,05-31-22
142,2,301,3,15.00,0.00,15.00,03-13-22,05-31-22
142,2,304,3,15.00,0.00,15.00,03-13-22,05-31-22
142,2,305,3,15.00,0.00,15.00,03-13-22,05-31-22
142,2,306,3,15.00,0.00,15.00,03-13-22,05-31-22
142,2,307,3,15.00,0.00,15.00,03-13-22,06-01-22
142,2,308,3,0.00,15.00,15.00,03-13-22,05-31-22
142,2,309,3,15.00,0.00,15.00,03-13-22,05-31-22
142,2,136,3,24.00,2.00,26.00,03-13-22,05-31-22
142,2,126,3,24.00,2.00,26.00,03-13-22,05-31-22
142,2,18,3,20.79,4.00,24.79,03-13-22,05-31-22
142,2,285,3,28.99,2.00,30.99,03-23-22,05-31-22
142,2,286,3,24.49,2.00,26.49,03-23-22,05-31-22
142,2,170,3,0.00,0.00,0.00,03-23-22,05-31-22
142,2,228,3,24.00,5.75,29.75,05-09-22,05-31-22
142,2,229,3,22.00,5.25,27.25,05-09-22,05-31-22
142,2,272,3,27.25,2.00,29.25,03-13-22,05-31-22
142,2,310,3,0.00,15.00,15.00,05-01-22,05-25-22
142,2,180,3,20.99,2.00,22.99,05-01-22,05-31-22
142,2,310,3,0.00,0.00,0.00,05-26-22,05-31-22
142,2,274,3,40.00,2.00,42.00,05-01-22,05-31-22
142,2,188,3,26.49,3.00,29.49,06-01-22,06-14-22
142,2,207,3,37.99,3.00,40.99,06-01-22,06-14-22
142,2,261,3,26.25,4.00,30.25,06-01-22,06-14-22
142,2,262,3,24.75,3.00,27.75,06-01-22,06-14-22
142,2,301,3,15.00,5.00,20.00,06-01-22,06-14-22
142,2,304,3,15.00,5.00,20.00,06-01-22,06-14-22
142,2,305,3,15.00,5.00,20.00,06-01-22,06-14-22
142,2,306,3,15.00,5.00,20.00,06-01-22,06-14-22
142,2,308,3,0.00,20.00,20.00,06-01-22,06-14-22
142,2,309,3,15.00,5.00,20.00,06-01-22,06-14-22
142,2,136,3,24.00,4.00,28.00,06-01-22,06-14-22
142,2,126,3,24.00,4.00,28.00,06-01-22,06-14-22
142,2,18,3,20.79,6.00,26.79,06-01-22,06-14-22
142,2,188,32,26.49,3.00,29.49,06-01-22,06-14-22
142,2,265,3,16.25,4.00,20.25,06-01-22,06-14-22
142,2,274,3,40.00,4.00,44.00,06-01-22,06-14-22
142,2,285,3,28.99,2.00,30.99,06-01-22,06-14-22
142,2,286,3,24.49,3.00,27.49,06-01-22,06-14-22
142,2,180,3,20.99,4.00,24.99,06-01-22,06-14-22
142,2,180,32,20.99,4.00,24.99,06-01-22,06-14-22
142,2,207,32,37.99,3.00,40.99,06-01-22,06-14-22
142,2,228,3,24.00,5.75,29.75,06-01-22,06-14-22
142,2,229,3,22.00,6.25,28.25,06-01-22,06-14-22
142,2,194,3,22.49,5.00,27.49,06-01-22,06-14-22
142,2,310,3,0.00,0.00,0.00,06-01-22,06-14-22
142,2,272,32,27.25,3.00,30.25,06-01-22,06-14-22
142,2,61,3,24.79,1.20,25.99,04-01-21,03-12-22
142,2,61,3,23.79,2.20,25.99,03-13-22,05-11-22
142,2,61,3,22.49,3.50,25.99,05-12-22,05-31-22
142,2,61,3,22.49,5.30,27.79,06-01-22,06-14-22
142,2,61,32,22.49,5.30,27.79,06-01-22,06-14-22
142,2,3,3,33.00,4.00,37.00,05-01-22,06-01-22
