OUR11440,,,LF-CON-FLAT-25Y-3.59,35586.0,01-06-23
OUR13369,,,LF-CON-FLAT-25Y-9.49,53968.0,4-14-23
OUR13287,,,LF-CON-FLAT-25Y-9.99,44444.0,4-11-23
OUR12657,,,LF-CON-FLEX-25Y-2.99,33000.0,03-11-23
OUR12774-C,,,LF-CON-FLEX-25Y-2.99,84802.0,3-17-23
OUR12774,,,LF-CON-FLEX-25Y-2.99,84802.0,3-17-23
OUR12817,,,LF-CON-FLEX-25Y-2.99,53014.0,3-19-23
OUR13022,,,LF-CON-FLEX-25Y-2.99,32889.0,03-29-23
OUR13058,,,LF-CON-FLEX-25Y-2.99,37092.0,03-30-23
OUR13138,,,LF-CON-FLEX-25Y-2.99,42083.0,4-2-23
OUR13198,,,LF-CON-FLEX-25Y-2.99,31947.0,4-5-23
OUR13219,,,LF-CON-FLEX-25Y-2.99,52780.0,4-6-23
OUR13288,,,LF-CON-FLEX-25Y-2.99,53082.0,4-11-23
OUR13333,,,LF-CON-FLEX-25Y-2.99,52000.0,4-12-23
OUR11363,,,LF-CON-FLEX-25Y-3.59,24880.0,01-03-23
OUR11393-C,,,LF-CON-FLEX-25Y-3.59,21462.0,01-05-23
OUR11385,,,LF-CON-FLEX-25Y-3.59,25528.0,01-05-23
OUR11405,,,LF-CON-FLEX-25Y-3.59,67807.0,01-06-23
OUR11590,,,LF-CON-FLEX-25Y-3.59,32469.0,01-18-23
OUR11852,,,LF-CON-FLEX-25Y-3.59,40569.0,02-01-23
OUR12174,,,LF-CON-FLEX-25Y-3.59,38769.0,02-15-23
OUR12492,,,LF-CON-FLEX-25Y-3.59,32739.0,03-02-23
OUR11978,,,LF-CON-FLEX-25Y-3.99,72003.0,02-02-23
OUR12064,,,LF-CON-FLEX-25Y-3.99,60639.0,02-08-23
OUR12374,,,LF-CON-FLEX-25Y-3.99,49584.0,02-24-23
OUR12670,,,LF-CON-FLEX-25Y-3.99,48705.0,03-13-23
OUR13028,,,LF-CON-FLEX-25Y-3.99,44734.0,03-29-23
OUR13755,,,LF-CON-FLEX-25Y-9.99,31500.0,5-2-23
OUR11354,,,LF-DIV-0MONTH-25y-2.99,28294.12,01-03-23
OUR11373,,,LF-DIV-0Month-25y-2.99,65713.0,01-04-23
OUR11367,,,LF-DIV-0Month-25y-2.99,26764.71,01-04-23
OUR11550,,,LF-DIV-0Month-25y-2.99,49588.24,01-16-23
OUR11566,,,LF-DIV-0Month-25y-2.99,37204.72,01-17-23
OUR11669,,,LF-DIV-0Month-25y-2.99,38400.0,01-25-23
OUR11690-C,,,LF-DIV-0Month-25y-2.99,45882.0,01-26-23
OUR11661,,,LF-DIV-0MONTH-25y-3.49,106200.43,01-24-23
OUR12039,,,LF-DIV-0MONTH-25y-3.49,83932.27,02-07-23
OUR12219,,,LF-DIV-0MONTH-25y-3.49,27685.65,02-17-23
OUR12451,,,LF-DIV-0MONTH-25y-3.49,22062.0,02-28-23
OUR12509,,,LF-DIV-0MONTH-25y-3.49,65475.0,03-03-23
OUR12542,,,LF-DIV-0MONTH-25y-3.49,43770.0,03-06-23
OUR12635,,,LF-DIV-0MONTH-25y-3.49,79138.0,03-10-23
OUR12630,,,LF-DIV-0MONTH-25y-3.49,47757.75,03-10-23
OUR12865,,,LF-DIV-0MONTH-25y-3.49,38886.0,3-21-23
OUR11470,,,LF-DIV-0Month-25y-3.99,22859.0,01-11-23
OUR11557,,,LF-DIV-0Month-25y-3.99,74438.36,01-17-23
OUR11642,,,LF-DIV-0Month-25y-3.99,42826.0,01-23-23
OUR11667,,,LF-DIV-0MONTH-25y-3.99,37635.18,01-24-23
OUR11735,,,LF-DIV-0Month-25y-3.99,43215.57,01-28-23
OUR11759,,,LF-DIV-0Month-25y-3.99,36012.98,01-30-23
OUR11985,,,LF-DIV-0Month-25y-3.99,23821.2,02-02-23
OUR12015,,,LF-DIV-0Month-25y-3.99,52619.0,02-04-23
OUR12025,,,LF-DIV-0Month-25y-3.99,26410.0,02-06-23
OUR12116,,,LF-DIV-0Month-25y-3.99,49739.0,02-11-23
OUR12203,,,LF-DIV-0Month-25y-3.99,30454.22,02-16-23
OUR12213,,,LF-DIV-0Month-25y-3.99,37500.0,02-17-23
OUR12220,,,LF-DIV-0Month-25y-3.99,30540.0,02-17-23
OUR12228,,,LF-DIV-0Month-25y-3.99,17909.16,02-18-23
OUR12280,,,LF-DIV-0Month-25y-3.99,34521.0,02-20-23
OUR12288,,,LF-DIV-0Month-25y-3.99,52523.43,02-21-23
OUR12294,,,LF-DIV-0Month-25y-3.99,39041.1,02-21-23
OUR12316,,,LF-DIV-0Month-25y-3.99,42534.25,02-22-23
OUR12357,,,LF-DIV-0Month-25y-3.99,48435.47,02-23-23
OUR12360,,,LF-DIV-0Month-25y-3.99,28568.0,02-23-23
OUR12397,,,LF-DIV-0Month-25y-3.99,41038.21,02-25-23
OUR12382,,,LF-DIV-0Month-25y-3.99,21088.68,02-25-23
OUR12470,,,LF-DIV-0MONTH-25y-3.99,67087.24,03-01-23
OUR12501,,,LF-DIV-0Month-25y-3.99,35688.54,03-03-23
OUR12502,,,LF-DIV-0Month-25y-3.99,17591.93,03-03-23
OUR12923,,,LF-DIV-0Month-25y-3.99,29319.05,3-24-23
OUR13104,,,LF-DIV-0Month-25y-3.99,32011.54,03-31-23
OUR13097,,,LF-DIV-0Month-25y-3.99,82744.8,03-31-23
OUR13185,,,LF-DIV-0Month-25y-3.99,57750.57,4-4-23
OUR13418,,,LF-DIV-0Month-25y-3.99,35000.0,04-17-23
OUR13430,,,LF-DIV-0Month-25y-3.99,23182.86,4-18-23
OUR13599,,,LF-DIV-0Month-25y-3.99,21117.06,4-25-23
OUR13696,,,LF-DIV-0Month-25y-3.99,42016.07,4-29-23
OUR13690,,,LF-DIV-0Month-25y-3.99,51071.16,4-29-23
OUR13781,,,LF-DIV-0Month-25y-3.99,35577.66,5-3-23
OUR13805,,,LF-DIV-0Month-25y-3.99,26970.16,5-4-23
OUR13903,,,LF-DIV-0Month-25y-3.99,60826.32,5-9-23
OUR14239,,,LF-DIV-0Month-25y-3.99,39410.86,05-25-23
OUR14260,,,LF-DIV-0Month-25y-3.99,27197.4,05-26-23
OUR14264,,,LF-DIV-0Month-25y-3.99,17151.95,05-26-23
OUR14337,,,LF-DIV-0Month-25y-3.99,21805.66,05-30-23
OUR14316,,,LF-DIV-0Month-25y-3.99,45179.8,05-30-23
OUR14391,,,LF-DIV-0Month-25y-3.99,64971.0,06-01-23
OUR14913,,,LF-DIV-0Month-25y-3.99,49453.71,06-21-23
OUR15459,,,LF-DIV-0Month-25y-3.99,48179.04,06-27-23
OUR15581,,,LF-DIV-0Month-25y-3.99,46846.85,07-01-23
OUR15614,,,LF-DIV-0Month-25y-3.99,64361.13,07-03-23
OUR15759,,,LF-DIV-0Month-25y-3.99,23182.86,07-11-23
OUR15762,,,LF-DIV-0Month-25y-3.99,46105.59,07-11-23
OUR15832,,,LF-DIV-0Month-25y-3.99,18362.0,07-13-23
OUR15992,,,LF-DIV-0Month-25y-3.99,57842.39,07-18-23
OUR16124,,,LF-DIV-0Month-25y-3.99,58975.0,07-22-23
OUR16511,,,LF-DIV-0Month-25y-3.99,48224.94,08-03-23
OUR16664,,,LF-DIV-0Month-25y-3.99,41900.0,08-09-23
OUR16723,,,LF-DIV-0Month-25y-3.99,45293.66,08-10-23
OUR17015,,,LF-DIV-0Month-25y-3.99,56319.5,08-21-23
OUR17016,,,LF-DIV-0Month-25y-3.99,21882.0,08-21-23
OUR17627,,,LF-DIV-0Month-25y-3.99,49960.21,09-14-23
OUR17855,,,LF-DIV-0Month-25y-3.99,42096.4,09-22-23
OUR18444,,,LF-DIV-0Month-25y-3.99,62302.0,10-14-23
OUR18854,,,LF-DIV-0Month-25y-3.99,21742.24,10-25-23
OUR18868,,,LF-DIV-0Month-25y-3.99,39709.0,10-26-23
OUR19132,,,LF-DIV-0Month-25y-3.99,71798.0,11-03-23
OUR20296,,,LF-DIV-0Month-25y-3.99,39252.1,12-20-23
OUR20803,,,LF-DIV-0Month-25y-3.99,52677.0,01-19-24
OUR21356,,,LF-DIV-0Month-25y-3.99,27951.8,02-06-24
OUR21410,,,LF-DIV-0Month-25y-3.99,37719.97,02-08-24
OUR21502,,,LF-DIV-0Month-25y-3.99,23871.0,02-12-24
OUR21729,,,LF-DIV-0Month-25y-3.99,22631.98,2-19-24
OUR21978,,,LF-DIV-0Month-25y-3.99,24881.41,02-25-24
OUR22094,,,LF-DIV-0Month-25y-3.99,24299.92,02-28-24
OUR22120,,,LF-DIV-0Month-25y-3.99,21461.36,02-28-24
OUR22207,,,LF-DIV-0Month-25y-3.99,54433.0,03-01-24
OUR22209,,,LF-DIV-0Month-25y-3.99,23221.12,03-01-24
OUR22247,,,LF-DIV-0Month-25y-3.99,25707.0,03-03-24
OUR22366,,,LF-DIV-0Month-25y-3.99,30442.75,03-06-24
OUR22400,,,LF-DIV-0Month-25y-3.99,35558.18,03-07-24
OUR22511,,,LF-DIV-0Month-25y-3.99,33687.83,03-12-24
OUR22519,,,LF-DIV-0Month-25y-3.99,26472.84,03-12-24
OUR22563,,,LF-DIV-0Month-25y-3.99,23221.12,03-13-24
OUR22735,,,LF-DIV-0Month-25y-3.99,49548.58,03-18-24
OUR22811,,,LF-DIV-0Month-25y-3.99,55361.13,03-20-24
OUR22817,,,LF-DIV-0Month-25y-3.99,38676.59,03-20-24
OUR22998,,,LF-DIV-0Month-25y-3.99,20627.39,03-25-24
OUR23020,,,LF-DIV-0Month-25y-3.99,22570.77,03-25-24
OUR23044-C,,,LF-DIV-0Month-25y-3.99,36205.05,03-26-24
OUR23060,,,LF-DIV-0Month-25y-3.99,26924.25,3/26/2024
OUR23237,,,LF-DIV-0Month-25y-3.99,24713.08,4-1-24
OUR23371,,,LF-DIV-0Month-25y-3.99,30738.33,4-4-24
OUR23566,,,LF-DIV-0Month-25y-3.99,28355.01,04-10-24
OUR23593,,,LF-DIV-0Month-25y-3.99,33117.83,4-11-24
OUR23620,,,LF-DIV-0Month-25y-3.99,18684.01,04-11-24
OUR23694,,,LF-DIV-0Month-25y-3.99,28289.98,04-13-24
OUR23793,,,LF-DIV-0Month-25y-3.99,25370.77,04-16-24
OUR23845,,,LF-DIV-0Month-25y-3.99,38338.18,04-18-24
OUR23876,,,LF-DIV-0Month-25y-3.99,21920.43,04-18-24
OUR23890,,,LF-DIV-0Month-25y-3.99,48645.75,04-19-24
OUR23954,,,LF-DIV-0Month-25y-3.99,33742.92,04-21-24
OUR24081,,,LF-DIV-0Month-25y-3.99,29992.35,4/24/2024
OUR24118,,,LF-DIV-0Month-25y-3.99,31767.41,04-25-24
OUR24165,,,LF-DIV-0Month-25y-3.99,23412.39,04-26-24
OUR24215,,,LF-DIV-0Month-25y-3.99,41025.25,04-27-24
OUR24370,,,LF-DIV-0Month-25y-3.99,30619.74,05-02-24
OUR24489,,,LF-DIV-0Month-25y-3.99,31216.53,05-07-24
OUR24584,,,LF-DIV-0Month-25y-3.99,39089.52,05-09-24
OUR25130,,,LF-DIV-0Month-25y-3.99,25363.43,05-24-24
OUR25186,,,LF-DIV-0Month-25y-3.99,20944.91,05-25-24
OUR25249,,,LF-DIV-0Month-25y-3.99,51690.9,5-28-24
OUR25462,,,LF-DIV-0Month-25y-3.99,55427.7,06-02-24
OUR20070,,,LF-DIV-0MONTH-25y-3.99 +,54628.0,12-11-23
OUR20205,,,LF-DIV-0MONTH-25y-3.99 +,58465.0,12-15-23
OUR11595,,,LF-DIV-0MONTH-25y-4.49,67499.67,01-19-23
OUR11626,,,LF-DIV-0MONTH-25y-4.49,41796.0,01-21-23
OUR11752,,,LF-DIV-0MONTH-25y-4.49,42000.0,01-30-23
OUR12346,,,LF-DIV-0MONTH-25y-4.49,98673.12,02-23-23
OUR12506,,,LF-DIV-0MONTH-25y-4.49,36261.23,03-03-23
OUR13598,,,LF-DIV-0MONTH-25y-4.49,83906.36,4-25-23
OUR13608,,,LF-DIV-0MONTH-25y-4.49,44001.46,4-26-23
OUR16468,,,LF-DIV-0MONTH-25y-4.49,72585.95,08-02-23
OUR16827,,,LF-DIV-0MONTH-25y-4.49,37929.42,08-14-23
OUR25488,,,LF-DIV-0MONTH-25y-4.49,36517.92,06-03-24
OUR11404,,,LF-DIV-12MONTH-25y-2.99,35078.74,01-06-23
OUR11442,,,LF-DIV-12MONTH-25y-2.99,59000.0,01-10-23
OUR11530,,,LF-DIV-12MONTH-25y-2.99,35158.0,01-14-23
OUR11541,,,LF-DIV-12MONTH-25y-2.99,24803.15,01-16-23
OUR12370,,,LF-DIV-12MONTH-25y-3.49,57000.0,02-24-23
OUR12373,,,LF-DIV-12MONTH-25y-3.49,20764.24,02-24-23
OUR12399,,,LF-DIV-12MONTH-25y-3.49,83533.0,02-25-23
OUR12527,,,LF-DIV-12MONTH-25y-3.49,67621.0,03-04-23
OUR12589,,,LF-DIV-12MONTH-25y-3.49,30070.0,03-08-23
OUR12623,,,LF-DIV-12MONTH-25y-3.49,63166.27,03-09-23
OUR11505,,,LF-DIV-12MONTH-25y-3.99,74802.92,01-13-23
OUR11754,,,LF-DIV-12MONTH-25y-3.99,65000.0,01-30-23
OUR12012,,,LF-DIV-12MONTH-25y-3.99,54657.0,02-04-23
OUR12139,,,LF-DIV-12MONTH-25y-3.99,31211.25,02-13-23
OUR12150,,,LF-DIV-12MONTH-25y-3.99,74917.5,02-13-23
OUR12233,,,LF-DIV-12MONTH-25y-3.99,42560.0,02-18-23
OUR12383,,,LF-DIV-12MONTH-25y-3.99,19466.47,02-25-23
OUR12566,,,LF-DIV-12MONTH-25y-3.99,80381.65,03-07-23
OUR12612,,,LF-DIV-12MONTH-25y-3.99,39360.06,03-09-23
OUR12983,,,LF-DIV-12MONTH-25y-3.99,60772.0,3-27-23
OUR13764,,,LF-DIV-12MONTH-25y-3.99,25248.66,5-3-23
OUR14612,,,LF-DIV-12MONTH-25y-3.99,27518.43,06-09-23
OUR16730,,,LF-DIV-12MONTH-25y-3.99,85831.0,08-10-23
OUR16930,,,LF-DIV-12MONTH-25y-3.99,76101.0,08-17-23
OUR17379,,,LF-DIV-12MONTH-25y-3.99,44226.0,09-02-23
OUR18234,,,LF-DIV-12MONTH-25y-3.99,59000.82,10-06-23
OUR18776,,,LF-DIV-12MONTH-25y-3.99,29747.0,10-23-23
OUR19058,,,LF-DIV-12MONTH-25y-3.99,69545.0,11-01-23
OUR14448,,,LF-DIV-LOAN-20y-8.99,28100.0,06-03-23
OUR17695,,,LF-DIV-LOAN-25y-6.49,40800.24,09-18-23
OUR11394,,,LF-DIV-LOAN-25y-6.99,100762.0,01-05-23
OUR11496,,,LF-DIV-LOAN-25y-6.99,16037.0,01-12-23
OUR11491,,,LF-DIV-LOAN-25y-6.99,37436.17,01-12-23
OUR11542,,,LF-DIV-LOAN-25y-6.99,64574.47,01-16-23
OUR11769,,,LF-DIV-LOAN-25y-6.99,20050.93,01-31-23
OUR13797,,,LF-DIV-LOAN-25y-6.99,31379.51,5-4-23
OUR13934,,,LF-DIV-LOAN-25y-6.99,31884.0,5-11-23
OUR16803,,,LF-DIV-LOAN-25y-6.99,43331.43,08-12-23
OUR17045,,,LF-DIV-LOAN-25y-6.99,47338.29,08-22-23
OUR17498,,,LF-DIV-LOAN-25y-6.99,47971.38,09-08-23
OUR18011,,,LF-DIV-LOAN-25y-6.99,46813.87,09-27-23
OUR18227,,,LF-DIV-LOAN-25y-6.99,30462.22,10-06-23
OUR18633,,,LF-DIV-LOAN-25y-6.99,29146.37,10-19-23
OUR18619,,,LF-DIV-LOAN-25y-6.99,15489.7,10-19-23
OUR18729,,,LF-DIV-LOAN-25y-6.99,36562.11,10-23-23
OUR19101,,,LF-DIV-LOAN-25y-6.99,24311.0,11-02-23
OUR19531,,,LF-DIV-LOAN-25y-6.99,42804.81,11-16-23
OUR19715,,,LF-DIV-LOAN-25y-6.99,50973.1,11-28-23
OUR19759,,,LF-DIV-LOAN-25y-6.99,34985.69,11-29-23
OUR17007,,,LF-DIV-LOAN-25y-6.99,31482.54,12-20-23
OUR20366,,,LF-DIV-LOAN-25y-6.99,39460.5,12-29-23
OUR21645,,,LF-DIV-LOAN-25y-6.99,41790.16,02-16-24
OUR22141,,,LF-DIV-LOAN-25y-6.99,30160.05,02-29-24
OUR23336-C,,,LF-DIV-LOAN-25y-6.99,41680.6,4-3-24
OUR20039,,,LF-DIV-LOAN-25y-6.99,33921.75,5-16-24
OUR25278,,,LF-DIV-LOAN-25y-6.99,22762.3,5-28-24
OUR24789,,,LF-DIV-LOAN-25y-6.99,32691.17,05-31-24
OUR11436,,,LF-DIV-LOAN-25y-7.99,120000.0,01-09-23
OUR11437,,,LF-DIV-LOAN-25y-7.99,24391.0,01-09-23
OUR11472,,,LF-DIV-LOAN-25y-7.99,60000.0,01-11-23
OUR11526,,,LF-DIV-LOAN-25y-7.99,47900.0,01-14-23
OUR11545,,,LF-DIV-LOAN-25y-7.99,38562.5,01-16-23
OUR15651,,,LF-DIV-LOAN-25y-7.99,27275.04,03-21-24
OUR22788,,,LF-DIV-LOAN-25y-8.49,18627.56,03-20-24
OUR23112,,,LF-DIV-LOAN-25y-8.49,21615.94,03-28-24
OUR12198,,,LF-DIV-LOAN-25y-8.99,29886.0,02-16-23
OUR12264,,,LF-DIV-LOAN-25y-8.99,35614.0,02-20-23
OUR12452,,,LF-DIV-LOAN-25y-8.99,36913.0,02-28-23
OUR12454,,,LF-DIV-LOAN-25y-8.99,19050.0,03-01-23
OUR12505,,,LF-DIV-LOAN-25y-8.99,15000.0,03-03-23
OUR12574,,,LF-DIV-LOAN-25y-8.99,20000.0,03-08-23
OUR12663,,,LF-DIV-LOAN-25y-8.99,31320.0,03-11-23
OUR12821,,,LF-DIV-LOAN-25y-8.99,13875.0,3-20-23
OUR12839,,,LF-DIV-LOAN-25y-8.99,24390.0,3-20-23
OUR13168,,,LF-DIV-LOAN-25y-8.99,28569.0,4-4-23
OUR13211,,,LF-DIV-LOAN-25y-8.99,49880.0,4-5-23
OUR13311,,,LF-DIV-LOAN-25y-8.99,23645.0,4-12-23
OUR13410,,,LF-DIV-LOAN-25y-8.99,57095.0,04-17-23
OUR13538,,,LF-DIV-LOAN-25y-8.99,17000.0,4-22-23
OUR13638,,,LF-DIV-LOAN-25y-8.99,26100.0,4-27-23
OUR13689,,,LF-DIV-LOAN-25y-8.99,29877.5,4-29-23
OUR13762,,,LF-DIV-LOAN-25y-8.99,48035.0,5-3-23
OUR13799,,,LF-DIV-LOAN-25y-8.99,37485.0,5-4-23
OUR13817,,,LF-DIV-LOAN-25y-8.99,43950.0,5-5-23
OUR13846,,,LF-DIV-LOAN-25y-8.99,27225.0,5-6-23
OUR13987,,,LF-DIV-LOAN-25y-8.99,14400.0,5-13-23
OUR13997,,,LF-DIV-LOAN-25y-8.99,76470.0,5-15-23
OUR14278,,,LF-DIV-LOAN-25y-8.99,19050.0,05-27-23
OUR14350,,,LF-DIV-LOAN-25y-8.99,44930.0,05-31-23
OUR14656,,,LF-DIV-LOAN-25y-8.99,17850.0,05-31-23
OUR14407,,,LF-DIV-LOAN-25y-8.99,16050.0,06-02-23
OUR14435,,,LF-DIV-LOAN-25y-8.99,19400.0,06-03-23
OUR14427,,,LF-DIV-LOAN-25y-8.99,49075.0,06-03-23
OUR14458,,,LF-DIV-LOAN-25y-8.99,20775.0,06-04-23
OUR14481,,,LF-DIV-LOAN-25y-8.99,22350.0,06-05-23
OUR14553,,,LF-DIV-LOAN-25y-8.99,36000.0,06-08-23
OUR14818,,,LF-DIV-LOAN-25y-8.99,20160.0,06-17-23
OUR14942,,,LF-DIV-LOAN-25y-8.99,28070.0,06-22-23
OUR15373,,,LF-DIV-LOAN-25y-8.99,13010.0,06-23-23
OUR15437,,,LF-DIV-LOAN-25y-8.99,32700.0,06-26-23
OUR15565,,,LF-DIV-LOAN-25y-8.99,22850.0,06-30-23
OUR15564,,,LF-DIV-LOAN-25y-8.99,22400.0,06-30-23
OUR15576,,,LF-DIV-LOAN-25y-8.99,16470.0,06-30-23
OUR15717,,,LF-DIV-LOAN-25y-8.99,19500.0,07-10-23
OUR15735,,,LF-DIV-LOAN-25y-8.99,21900.0,07-10-23
OUR15798,,,LF-DIV-LOAN-25y-8.99,33000.0,07-13-23
OUR16214,,,LF-DIV-LOAN-25y-8.99,19440.0,07-25-23
OUR16253,,,LF-DIV-LOAN-25y-8.99,15000.0,07-26-23
OUR16314,,,LF-DIV-LOAN-25y-8.99,21900.0,07-28-23
OUR15477,,,LF-DIV-LOAN-25y-8.99,58200.0,07-30-23
OUR16470,,,LF-DIV-LOAN-25y-8.99,23082.84,08-02-23
OUR16457,,,LF-DIV-LOAN-25y-8.99,23082.84,08-02-23
OUR16549,,,LF-DIV-LOAN-25y-8.99,30160.0,08-04-23
OUR17152,,,LF-DIV-LOAN-25y-8.99,28000.0,08-25-23
OUR17178,,,LF-DIV-LOAN-25y-8.99,31000.0,08-26-23
OUR16489,,,LF-DIV-LOAN-25y-8.99,23937.76,08-28-23
OUR17236,,,LF-DIV-LOAN-25y-8.99,26000.0,08-28-23
OUR17265,,,LF-DIV-LOAN-25y-8.99,80322.5,08-29-23
OUR17345,,,LF-DIV-LOAN-25y-8.99,23000.0,08-31-23
OUR17326,,,LF-DIV-LOAN-25y-8.99,68220.0,08-31-23
OUR17347,,,LF-DIV-LOAN-25y-8.99,22350.0,08-31-23
OUR17378,,,LF-DIV-LOAN-25y-8.99,52500.0,09-02-23
OUR17421,,,LF-DIV-LOAN-25y-8.99,23775.0,09-05-23
OUR17556,,,LF-DIV-LOAN-25y-8.99,13162.5,09-11-23
OUR17572-C,,,LF-DIV-LOAN-25y-8.99,43365.0,09-12-23
OUR17622,,,LF-DIV-LOAN-25y-8.99,37960.0,09-14-23
OUR17688-C,,,LF-DIV-LOAN-25y-8.99,120000.0,09-18-23
OUR17751,,,LF-DIV-LOAN-25y-8.99,74212.5,09-19-23
OUR17869,,,LF-DIV-LOAN-25y-8.99,33590.0,09-23-23
OUR17999,,,LF-DIV-LOAN-25y-8.99,35628.0,09-27-23
OUR18070,,,LF-DIV-LOAN-25y-8.99,19569.23,09-30-23
OUR18240,,,LF-DIV-LOAN-25y-8.99,42606.15,10-06-23
OUR18308,,,LF-DIV-LOAN-25y-8.99,53804.5,10-09-23
OUR18384,,,LF-DIV-LOAN-25y-8.99,22741.0,10-12-23
OUR18494,,,LF-DIV-LOAN-25y-8.99,70500.0,10-16-23
OUR18557,,,LF-DIV-LOAN-25y-8.99,63980.51,10-18-23
OUR18777,,,LF-DIV-LOAN-25y-8.99,31007.69,10-23-23
OUR19571-C,,,LF-DIV-LOAN-25y-8.99,41500.0,11-17-23
OUR19660,,,LF-DIV-LOAN-25y-8.99,44017.6,11-22-23
OUR19754,,,LF-DIV-LOAN-25y-8.99,38000.0,11-29-23
OUR19775,,,LF-DIV-LOAN-25y-8.99,21675.0,11-30-23
OUR20051,,,LF-DIV-LOAN-25y-8.99,115968.0,12-11-23
OUR20067,,,LF-DIV-LOAN-25y-8.99,21975.0,12-11-23
OUR20338,,,LF-DIV-LOAN-25y-8.99,50126.92,12-22-23
OUR20515,,,LF-DIV-LOAN-25y-8.99,69706.25,01-10-24
OUR20555,,,LF-DIV-LOAN-25y-8.99,24780.0,01-11-24
OUR20584,,,LF-DIV-LOAN-25y-8.99,13987.5,01-12-24
OUR20905,,,LF-DIV-LOAN-25y-8.99,42601.5,01-22-24
OUR20924,,,LF-DIV-LOAN-25y-8.99,38875.0,01-23-24
OUR20969,,,LF-DIV-LOAN-25y-8.99,22725.0,01-24-24
OUR20968,,,LF-DIV-LOAN-25y-8.99,33524.25,01-24-24
OUR21246,,,LF-DIV-LOAN-25y-8.99,13600.0,02-02-24
OUR21261,,,LF-DIV-LOAN-25y-8.99,39918.75,2/3/2024
OUR21380,,,LF-DIV-LOAN-25y-8.99,15300.0,02-07-24
OUR21610,,,LF-DIV-LOAN-25y-8.99,59550.9,02-14-24
OUR17161,,,LF-DIV-LOAN-25y-8.99 +,49500.0,08-26-23
OUR17220,,,LF-DIV-LOAN-25y-8.99 +,28000.0,08-28-23
OUR17647,,,LF-DIV-LOAN-25y-8.99 +,34953.0,09-15-23
OUR18029,,,LF-DIV-LOAN-25y-8.99 +,27527.5,09-28-23
OUR19357,,,LF-DIV-LOAN-25y-8.99 +,33730.77,11-10-23
OUR21426,,,LF-DIV-LOAN-25y-8.99 +,27000.0,02-08-24
OUR22000,,,LF-DIV-LOAN-25y-9.49,32257.5,02-26-24
OUR22082,,,LF-DIV-LOAN-25y-9.49,18982.5,02-28-24
OUR22034,,,LF-DIV-LOAN-25y-9.49,60563.0,03-08-24
OUR22520,,,LF-DIV-LOAN-25y-9.49,23400.0,03-12-24
OUR22674,,,LF-DIV-LOAN-25y-9.49,17425.0,03-16-24
OUR23719,,,LF-DIV-LOAN-25y-9.49,19875.0,04-14-24
OUR23757,,,LF-DIV-LOAN-25y-9.49,16150.0,04-15-24
OUR24295,,,LF-DIV-LOAN-25y-9.49,65580.0,04-30-24
OUR24393,,,LF-DIV-LOAN-25y-9.49,95337.25,05-03-24
OUR24396,,,LF-DIV-LOAN-25y-9.49,33765.0,05-03-24
OUR24410,,,LF-DIV-LOAN-25y-9.49,44475.0,05-04-24
OUR24457,,,LF-DIV-LOAN-25y-9.49,19890.0,05-06-24
OUR24509,,,LF-DIV-LOAN-25y-9.49,24175.0,05-07-24
OUR24621,,,LF-DIV-LOAN-25y-9.49,18870.0,05-10-24
OUR24958,,,LF-DIV-LOAN-25y-9.49,75148.5,05-20-24
OUR25260,,,LF-DIV-LOAN-25y-9.49,30830.0,5-28-24
OUR25270,,,LF-DIV-LOAN-25y-9.49,30890.0,5-28-24
OUR25291,,,LF-DIV-LOAN-25y-9.49,18810.0,05-29-24
OUR25493,,,LF-DIV-LOAN-25y-9.49,26050.0,06-03-24
OUR25538,,,LF-DIV-LOAN-25y-9.49,20124.0,06-04-24
OUR25739,,,LF-DIV-LOAN-25y-9.49,25919.0,06-08-24
OUR25775,,,LF-DIV-LOAN-25y-9.49,23340.0,06-10-24
OUR25782,,,LF-DIV-LOAN-25y-9.49,14919.0,06-10-24
OUR25839,,,LF-DIV-LOAN-25y-9.49,14620.0,06-11-24
OUR25881,,,LF-DIV-LOAN-25y-9.49,49934.0,06-11-24
OUR25977,,,LF-DIV-LOAN-25y-9.49,16790.0,06-13-24
OUR23145,,,LF-DIV-LOAN-25y-9.49 +,84433.75,03-28-24
OUR22159,,,LF-ENFIN-0MONTH-20Y-5.99,21649.83,02-29-24
OUR16588,,,LF-ENFIN-0MONTH-25Y-3.99,35307.0,08-07-23
OUR17285,,,LF-ENFIN-0MONTH-25Y-3.99,15575.0,08-30-23
OUR17296,,,LF-ENFIN-0MONTH-25Y-3.99,48073.0,08-30-23
OUR18407,,,LF-ENFIN-0MONTH-25Y-3.99,23160.0,10-13-23
OUR18852,,,LF-ENFIN-0MONTH-25Y-3.99,51046.0,10-25-23
OUR21592,,,LF-ENFIN-0MONTH-25Y-3.99,34560.0,2-14-24
OUR22446,,,LF-ENFIN-0MONTH-25Y-3.99,25432.0,03-09-24
OUR22501,,,LF-ENFIN-0MONTH-25Y-3.99,21935.48,03-12-24
OUR22932,,,LF-ENFIN-0MONTH-25Y-3.99,24460.0,03-22-24
OUR23012,,,LF-ENFIN-0MONTH-25Y-3.99,36060.0,03-25-24
OUR23203,,,LF-ENFIN-0MONTH-25Y-3.99,38388.0,03-30-24
OUR23044,,,LF-ENFIN-0MONTH-25Y-3.99,36904.0,4/5/2024
OUR23388,,,LF-ENFIN-0MONTH-25Y-3.99,46532.26,4-5-24
OUR23459,,,LF-ENFIN-0MONTH-25Y-3.99,29856.0,4-8-24
OUR23728,,,LF-ENFIN-0MONTH-25Y-3.99,33679.25,04-15-24
OUR24355,,,LF-ENFIN-0MONTH-25Y-3.99,28790.32,05-02-24
OUR24367,,,LF-ENFIN-0MONTH-25Y-3.99,33290.32,05-02-24
OUR24429,,,LF-ENFIN-0MONTH-25Y-3.99,24314.0,05-05-24
OUR24466,,,LF-ENFIN-0MONTH-25Y-3.99,56385.08,05-06-24
OUR18016-C,,,LF-ENFIN-0MONTH-25Y-4.99,48500.0,09-27-23
OUR17625,,,LF-ENFIN-0MONTH-25Y-5.99,23809.0,09-14-23
OUR19097,,,LF-ENFIN-0MONTH-25Y-5.99,42056.0,11-02-23
OUR15814,,,LF-ENFIN-0MONTH-25Y-9.69,29944.0,07-13-23
OUR17163,,,LF-ENFIN-0MONTH-25Y-9.69,73400.0,08-26-23
OUR17680,,,LF-ENFIN-0MONTH-25Y-9.69,59973.0,09-17-23
OUR17787,,,LF-ENFIN-0MONTH-25Y-9.69,32045.0,09-20-23
OUR16010,,,LF-ENFIN-0MONTH-30Y-3.99,34418.0,07-19-23
OUR17010,,,LF-ENFIN-0MONTH-30Y-3.99,24098.0,08-21-23
OUR17639,,,LF-ENFIN-0MONTH-30Y-3.99,20813.0,09-15-23
OUR18972,,,LF-ENFIN-0MONTH-30Y-3.99,46449.0,10-28-23
OUR20909,,,LF-ENFIN-0MONTH-30Y-3.99,79957.0,01-22-24
OUR18343,,,LF-ENFIN-0MONTH-30Y-4.99,71825.0,10-11-23
OUR19657,,,LF-ENFIN-0MONTH-30Y-5.99,62518.12,11-21-23
OUR21734,,,LF-ENFIN-0MONTH-30Y-5.99,36000.0,2-19-24
OUR22900,,,LF-ENFIN-0MONTH-30Y-5.99,26630.43,03-22-24
OUR23553,,,LF-ENFIN-0MONTH-30Y-5.99,43223.43,04-10-24
OUR18539,,,LF-ENFIN-12MONTH-25Y-3.99,46656.0,10-18-23
OUR15964,,,LF-ENFIN-12MONTH-30Y-3.99,32308.0,07-18-23
OUR16243,,,LF-ENFIN-12MONTH-30Y-3.99,46093.0,07-26-23
OUR16824,,,LF-ENFIN-12MONTH-30Y-3.99,74825.0,08-14-23
OUR19808,,,LF-ENFIN-12MONTH-30Y-3.99,26641.0,12-02-23
OUR23254,,,LF-ENFIN-12MONTH-30Y-3.99,56470.0,04-01-24
OUR23528,,,LF-ENFIN-25Y-8.99,11457.5,04-09-24
OUR23604,,,LF-ENFIN-25Y-8.99,23500.0,04-11-24
OUR24024,,,LF-ENFIN-25Y-8.99,17525.0,04-23-24
OUR24443,,,LF-ENFIN-25Y-8.99,33081.69,05-06-24
OUR24646,,,LF-ENFIN-25Y-8.99,37520.0,05-11-24
OUR17688,,,LF-ENFIN-25Y-9.99,137530.0,09-18-23
OUR18529,,,LF-ENFIN-25Y-9.99,22812.0,10-17-23
OUR20295,,,LF-ENFIN-25Y-9.99,22397.5,12-28-23
OUR21793,,,LF-ENFIN-25Y-9.99,30982.0,02-20-24
OUR22483,,,LF-ENFIN-25Y-9.99,23560.0,03-11-24
OUR22714,,,LF-ENFIN-25Y-9.99,27140.0,03-18-24
OUR23249-C,,,LF-ENFIN-25Y-9.99,52425.0,04-01-24
OUR23349,,,LF-ENFIN-25Y-9.99,18660.0,4-4-24
OUR23382,,,LF-ENFIN-25Y-9.99,22160.0,04-05-24
OUR23393,,,LF-ENFIN-25Y-9.99,17297.5,4-5-24
OUR16762,,,LF-GL-LOAN-20y-11.99,35405.0,08-11-23
OUR21590,,,LF-GL-LOAN-20y-11.99,39800.0,02-16-24
OUR16302,,,LF-GL-LOAN-20Y-5.99,49516.08,07-27-23
OUR14124,,,LF-GL-LOAN-25Y-11.99,41770.83,05-20-23
OUR14256,,,LF-GL-LOAN-25Y-11.99,41807.29,05-26-23
OUR14399,,,LF-GL-LOAN-25Y-11.99,14234.37,06-01-23
OUR16304,,,LF-GL-LOAN-25Y-11.99,38100.0,07-28-23
OUR16993,,,LF-GL-LOAN-25Y-11.99,29260.0,08-20-23
OUR17200,,,LF-GL-LOAN-25Y-11.99,24660.0,08-28-23
OUR17382,,,LF-GL-LOAN-25Y-11.99,25700.0,09-02-23
OUR17417,,,LF-GL-LOAN-25Y-11.99,31425.0,09-05-23
OUR17652,,,LF-GL-LOAN-25Y-11.99,42900.0,09-15-23
OUR17719,,,LF-GL-LOAN-25Y-11.99,41410.0,09-18-23
OUR18001,,,LF-GL-LOAN-25Y-11.99,26392.5,09-27-23
OUR18348,,,LF-GL-LOAN-25Y-11.99,41920.5,10-11-23
OUR18340,,,LF-GL-LOAN-25Y-11.99,28796.0,10-11-23
OUR19099,,,LF-GL-LOAN-25Y-11.99,25537.5,11-02-23
OUR23951,,,LF-GL-LOAN-25Y-11.99,18600.0,04-21-24
OUR23962,,,LF-GL-LOAN-25Y-11.99,16050.0,04-22-24
OUR24077,,,LF-GL-LOAN-25Y-11.99,39685.0,04-24-24
OUR24309,,,LF-GL-LOAN-25Y-11.99,26810.0,04-30-24
OUR24671,,,LF-GL-LOAN-25Y-11.99,21575.0,05-11-24
OUR24674,,,LF-GL-LOAN-25Y-11.99,38525.0,05-11-24
OUR23249,,,LF-GL-LOAN-25Y-11.99,52425.0,05-13-24
OUR24931,,,LF-GL-LOAN-25Y-11.99,16900.0,05-18-24
OUR25764,,,LF-GL-LOAN-25Y-11.99,21820.0,06-09-24
OUR25866,,,LF-GL-LOAN-25Y-11.99,20796.0,06-11-24
OUR25907,,,LF-GL-LOAN-25Y-11.99,24758.0,06-12-24
OUR12278,,,LF-GL-LOAN-25Y-3.98,15927.0,02-20-23
OUR11515,,,LF-GL-LOAN-25Y-3.99,31828.51,01-13-23
OUR11622,,,LF-GL-LOAN-25Y-3.99,61000.0,02-04-23
OUR12115,,,LF-GL-LOAN-25Y-3.99,55000.0,02-11-23
OUR12153,,,LF-GL-LOAN-25Y-3.99,29365.0,02-13-23
OUR12179,,,LF-GL-LOAN-25Y-3.99,50000.0,02-15-23
OUR12224,,,LF-GL-LOAN-25Y-3.99,50171.18,02-17-23
OUR12368,,,LF-GL-LOAN-25Y-3.99,49988.33,02-24-23
OUR12414,,,LF-GL-LOAN-25Y-3.99,25988.17,02-27-23
OUR13109,,,LF-GL-LOAN-25Y-4.49,94173.46,4-1-23
OUR14303,,,LF-GL-LOAN-25Y-4.49,61981.41,05-29-23
OUR17289,,,LF-GL-LOAN-25Y-4.49,35977.24,08-30-23
OUR17783,,,LF-GL-LOAN-25Y-4.49,43377.96,09-20-23
OUR19892,,,LF-GL-LOAN-25Y-4.49,30964.64,12-05-23
OUR20145,,,LF-GL-LOAN-25Y-4.49,42825.27,12-13-23
OUR20122,,,LF-GL-LOAN-25Y-4.49,31950.0,12-13-23
OUR21269,,,LF-GL-LOAN-25Y-4.49,25952.63,02-05-24
OUR21377,,,LF-GL-LOAN-25Y-4.49,25952.63,02-07-24
OUR24286,,,LF-GL-LOAN-25Y-4.49,28085.31,04-30-24
OUR26029,,,LF-GL-LOAN-25Y-4.49,36553.38,6-14-24
OUR13683,,,LF-GL-LOAN-25y-4.98,49847.76,4-29-23
OUR16610,,,LF-GL-LOAN-25y-4.98,48300.7,08-07-23
OUR12758,,,LF-GL-LOAN-25Y-4.99,40800.0,03-16-23
OUR13894,,,LF-GL-LOAN-25y-4.99,52109.47,5-9-23
OUR14218,,,LF-GL-LOAN-25y-4.99,89244.82,05-24-23
OUR17934,,,LF-GL-LOAN-25Y-4.99,26795.59,10-21-23
OUR19936,,,LF-GL-LOAN-25Y-4.99,37090.19,12-06-23
OUR21007,,,LF-GL-LOAN-25Y-4.99,42416.06,01-26-24
OUR21089,,,LF-GL-LOAN-25Y-4.99,23041.47,01-29-24
OUR21893-C,,,LF-GL-LOAN-25Y-4.99,49242.92,2-23-24
OUR12226,,,LF-GL-LOAN-25Y-5.99,40394.61,02-18-23
OUR13394,,,LF-GL-LOAN-25Y-5.99,29780.68,04-15-23
OUR13687,,,LF-GL-LOAN-25Y-5.99,20212.16,4-29-23
OUR20853,,,LF-GL-LOAN-25Y-6.99,20039.57,01-20-24
OUR23687,,,LF-GL-LOAN-25Y-6.99,34164.78,04-13-24
OUR24328,,,LF-MOS-LOAN-25y-10.99,18180.0,05-01-24
OUR15395,,,LF-MOS-LOAN-25y-3.99,62352.46,06-24-23
OUR16150,,,LF-MOS-LOAN-25y-3.99,36131.0,07-23-23
OUR16825,,,LF-MOS-LOAN-25y-3.99,29377.05,08-14-23
OUR21301,,,LF-MOS-LOAN-25y-3.99,25393.09,02-05-24
OUR21758,,,LF-MOS-LOAN-25Y-3.99,23050.31,02-20-24
OUR22272,,,LF-MOS-LOAN-25y-3.99,27396.23,03-04-24
OUR22461,,,LF-MOS-LOAN-25Y-3.99,39192.22,03-09-24
OUR22799,,,LF-MOS-LOAN-25Y-3.99,38490.57,03-20-24
OUR24269,,,LF-MOS-LOAN-25Y-3.99,26622.0,04-29-24
OUR24384,,,LF-MOS-LOAN-25Y-3.99,30471.7,05-03-24
OUR24451,,,LF-MOS-LOAN-25Y-3.99,93867.93,05-06-24
OUR25749,,,LF-MOS-LOAN-25Y-3.99,46449.71,06-08-24
OUR26046,,,LF-MOS-LOAN-25y-9.49,18231.01,06-15-24
OUR25396,,,LF-MOS-LOAN-25y-9.99,31448.98,05-31-24
OUR08977,,,LF-SerFI-LOAN-20y-2.99,55000.0,07-11-23
OUR11693,,,LF-SLF-LOAN-25Y-2.99,70000.0,01-26-23
OUR14681,,,LF-SLF-LOAN-25Y-3.99,30162.0,06-12-23
OUR14701,,,LF-SLF-LOAN-25Y-3.99,39450.0,6-13-23
OUR11622-C,,,LF-SLF-LOAN-25Y-4.49,65000.0,01-20-23
OUR10920,,,LF-SLF-LOAN-25Y-4.49,45834.59,02-10-23
OUR17615,,,LF-SLF-LOAN-25Y-4.49,52554.07,09-13-23
OUR12300,,,LF-SLF-LOAN-25Y-4.99,33368.55,02-21-23
OUR21893,,,LF-SLF-LOAN-25Y-4.99,57100.45,3-29-24
OUR13713,,,LF-SLF-LOAN-25Y-9.99,17000.0,5-1-23
OUR13988,,,LF-SLF-LOAN-25Y-9.99,20905.54,5-13-23
OUR14187,,,LF-SLF-LOAN-25Y-9.99,36000.0,05-23-23
OUR14801,,,LF-SLF-LOAN-25Y-9.99,13994.72,06-16-23
OUR12083,,,LF-SN-LOAN-25Y-2.99,81613.29,02-09-23
OUR12114,,,LF-SN-LOAN-25Y-3.99,149833.36,02-11-23
OUR13749,,,LF-SN-LOAN-25Y-3.99,73182.7,5-2-23
OUR14515,,,LF-SN-LOAN-25Y-3.99,53991.69,06-07-23
OUR17118,,,LF-SN-LOAN-25Y-3.99,59990.48,08-24-23
OUR17368,,,LF-SN-LOAN-25Y-3.99,60959.19,09-01-23
OUR21320,,,LF-SN-LOAN-25Y-3.99,39477.5,2/5/2024
OUR21332,,,LF-SN-LOAN-25Y-3.99,37026.29,02-06-24
OUR11882,,,LF-SN-LOAN-25Y-4.49,30000.0,02-01-23
OUR11997,,,LF-SN-LOAN-25Y-4.49,100890.38,02-03-23
OUR22717,,,LF-SN-LOAN-25Y-4.99,91730.71,03-18-24
OUR19870,,,LF-SN-LOAN-25Y-5.49,41643.06,12-04-23
OUR19901,,,LF-SN-LOAN-25Y-5.49,61707.8,12-05-23
OUR20333,,,LF-SN-LOAN-25Y-5.49,48434.8,12-22-23
OUR13558,,,LF-SN-LOAN-25Y-5.99,26137.01,4-23-23
OUR11991,,,LF-SN-LOAN-25Y-5.99,45845.16,4-24-23
OUR23732,,,LF-SN-LOAN-25Y-5.99,50989.48,04-15-24
OUR22396,,,LF-SN-LOAN-25Y-6.99,31729.1,3-7-24
OUR22852,,,LF-SN-LOAN-25Y-6.99,33627.15,04-24-24
OUR22047,,,LF-SN-LOAN-25Y-7.49,65644.48,02-27-24
OUR22682,,,LF-SN-LOAN-25Y-7.49,57077.78,03-16-24
OUR21990,,,LF-SN-LOAN-25Y-8.49,42969.72,2-25-24
OUR22629,,,LF-SN-LOAN-25Y-8.49,28852.69,03-14-24
OUR13927,,,LF-SN-LOAN-25Y-8.99,36395.96,5-10-23
OUR14528,,,LF-SN-LOAN-25Y-8.99,20042.22,06-07-23
OUR15586,,,LF-SN-LOAN-25Y-8.99,31996.44,07-01-23
OUR15611,,,LF-SN-LOAN-25Y-8.99,43550.72,07-03-23
OUR17226,,,LF-SN-LOAN-25Y-8.99,24552.83,08-28-23
OUR20295-C,,,LF-SN-LOAN-25Y-8.99,22419.84,12-20-23
OUR21195,,,LF-SN-LOAN-25Y-8.99,33321.06,01-31-24
OUR12021,,,LF-TOC-LOAN-0%,25910.0,02-06-23
